molecule,smiles,qed,sas,logp,tpsa,validity,unique,novelty
<rdkit.Chem.rdchem.Mol object at 0x7f8da2c1a6c0>,COc1ccc(C(=O)Nc2cc(Cl)ccc2OC)cc1N,0.8507999455860383,1.6992420289202315,3.191700000000001,73.58,1.0,1.0,0.799
<rdkit.Chem.rdchem.Mol object at 0x7f8da2c1a500>,Cn1c(SCC(=O)OC(C)(C)C)nc2sccc2c1=O,0.49472479530403346,2.3956055389811812,2.4288000000000007,61.190000000000005,1.0,1.0,0.799
<rdkit.Chem.rdchem.Mol object at 0x7f8da2c1ab20>,Cc1cccc(N(C)C(=O)Cn2ncc(Cl)c(Cl)c2=O)c1C,0.8633810043510104,2.411106147278023,2.8299400000000015,55.2,1.0,1.0,0.799
<rdkit.Chem.rdchem.Mol object at 0x7f8da2c1aa40>,CC(=O)N1CCC(NS(=O)(=O)N2CCc3ccccc32)CC1,0.8981606055926595,2.3545387418021413,0.8944000000000005,69.72,1.0,1.0,0.799
<rdkit.Chem.rdchem.Mol object at 0x7f8da2c1a8f0>,CS(=O)(=O)N1CCc2ccc(NCc3noc(C4CC4)n3)cc21,0.8980135862908996,2.571626873565549,1.8811999999999993,88.33,1.0,1.0,0.799
<rdkit.Chem.rdchem.Mol object at 0x7f8da2c1a880>,CC(=O)NCC(=O)NCC(=O)N(C)Cc1ccccc1,0.7617543673188414,1.8439272639229056,-0.10269999999999913,78.51,1.0,1.0,0.799
<rdkit.Chem.rdchem.Mol object at 0x7f8da2c1a9d0>,Cc1cc(NC(=O)CCNC(=O)c2ccc(Cl)cc2)ccn1,0.8904515135284343,1.803957600362935,2.8020200000000006,71.09,1.0,1.0,0.799
<rdkit.Chem.rdchem.Mol object at 0x7f8da2c1aab0>,CCn1cc(CNC(=O)NCc2ccccc2CC(C)C)cn1,0.8247921353493356,2.196325808476793,3.100900000000002,58.95,1.0,1.0,0.799
<rdkit.Chem.rdchem.Mol object at 0x7f8da2c1ab90>,Cc1ccc(-c2ocnc2C(=O)N2CCN(C(C)C)CC2)cc1,0.874111859446528,2.248525808476792,2.8162200000000013,49.580000000000005,1.0,1.0,0.799
<rdkit.Chem.rdchem.Mol object at 0x7f8da2c1ac00>,CS(=O)(=O)N1CCC(NC(=O)Nc2ccc(F)cc2Cl)CC1,0.875940029963971,2.076055664879064,2.0245999999999995,78.51,1.0,1.0,0.799
<rdkit.Chem.rdchem.Mol object at 0x7f8da2c1ac70>,CCn1c(SCC(=O)OC(C)C)nnc1-c1cccc(C)c1,0.6037047966292125,2.123412386190541,3.317120000000002,57.010000000000005,1.0,1.0,0.799
<rdkit.Chem.rdchem.Mol object at 0x7f8da2c1ae30>,COc1ccc2c(c1OC)C(=O)OC2Nc1ccc(F)cc1F,0.8760792090712385,2.815720247739346,3.2631000000000014,56.790000000000006,1.0,1.0,0.799
<rdkit.Chem.rdchem.Mol object at 0x7f8da2c1b140>,Cc1ccc(CNC(=O)N(C)C(C)c2ccco2)cc1F,0.9342260093201107,2.655725736444367,3.6297200000000025,45.480000000000004,1.0,1.0,0.799
<rdkit.Chem.rdchem.Mol object at 0x7f8da2c1b1b0>,CCn1cc(C(=O)Nc2cc(C(C)(C)C)ccc2O)cn1,0.8520862598660617,2.181995847152818,3.158400000000002,67.15,1.0,1.0,0.799
<rdkit.Chem.rdchem.Mol object at 0x7f8da2c1b220>,Cc1cc(C(=O)N2CCN(CCSc3ccccc3)CC2)on1,0.7881711447410958,2.165830473318266,2.533120000000001,49.580000000000005,1.0,1.0,0.799
<rdkit.Chem.rdchem.Mol object at 0x7f8da2c1b290>,Cc1ccc2c(C)c(C(=O)N3CCN(C(=O)N(C)C)CC3)oc2c1,0.8075384990534602,2.238540496297711,2.489040000000001,57.00000000000001,1.0,1.0,0.799
<rdkit.Chem.rdchem.Mol object at 0x7f8da2c1b300>,CCCNc1ccc(Cn2cnc3ccccc32)cn1,0.7701637387085141,2.0612717275948267,3.3015000000000017,42.74,1.0,1.0,0.799
<rdkit.Chem.rdchem.Mol object at 0x7f8da2c1b370>,COC(=O)c1nn(Cc2nc(-c3ccsc3)oc2C)c(C)c1C,0.6856453983022232,2.6608830422046026,3.3597600000000023,70.15,1.0,1.0,0.799
<rdkit.Chem.rdchem.Mol object at 0x7f8da2c1b3e0>,COc1ccc(CC(=O)N2CCc3sccc3C2)cc1,0.8684872840661088,1.9874054505638519,2.884100000000001,29.54,1.0,1.0,0.799
<rdkit.Chem.rdchem.Mol object at 0x7f8da2c1b450>,COc1ccc(NC(=O)COn2nnc3ccc(Cl)cc32)cc1,0.7743098391876891,2.1277796331136933,2.1605999999999996,78.27,1.0,1.0,0.799
<rdkit.Chem.rdchem.Mol object at 0x7f8da2c1b4c0>,COc1ccc(C(=O)N2CCN(C(=O)C3CCOCC3)CC2)cn1,0.8181421108249861,2.1662134059967073,0.8011999999999999,71.97,1.0,1.0,0.799
<rdkit.Chem.rdchem.Mol object at 0x7f8da2c1b530>,CCC(NC(=O)CCC(=O)c1ccccc1)C(C)C,0.7660745054068069,2.2817955055681356,3.200300000000002,46.17,1.0,1.0,0.799
<rdkit.Chem.rdchem.Mol object at 0x7f8da2c1b5a0>,CN1CCC(CN(Cc2ccccc2)S(=O)(=O)c2cn(C)cn2)C1,0.7949467903449912,2.905021169027023,1.5626999999999993,58.440000000000005,1.0,1.0,0.799
<rdkit.Chem.rdchem.Mol object at 0x7f8da2c1b610>,CCCOCC(=O)Nc1cnc2c(c1)c(=O)n(C)c(=O)n2C,0.7843998902024757,2.3081864341098353,-0.0026999999999997026,95.22,1.0,1.0,0.799
<rdkit.Chem.rdchem.Mol object at 0x7f8da2c1b680>,CC1CC1C(=O)NC(CC(F)(F)F)c1ccccc1,0.8924574930982142,3.0487320084401572,3.452300000000002,29.1,1.0,1.0,0.799
<rdkit.Chem.rdchem.Mol object at 0x7f8da2c1b6f0>,CCOC(=O)c1cnc2cc(Br)cnc2c1,0.7937575928978107,2.089231552271409,2.569,52.08,1.0,1.0,0.799
<rdkit.Chem.rdchem.Mol object at 0x7f8da2c1b760>,CCNC(=O)CNc1cc(C(=O)N(C)C)c(C)cc1C,0.8582244032098509,2.133074285957475,1.5532399999999995,61.440000000000005,1.0,1.0,0.799
<rdkit.Chem.rdchem.Mol object at 0x7f8da2c1b7d0>,COCC(=O)N(C)Cc1csc(C#CCCO)c1,0.812423929386848,2.7951905029149913,1.0867999999999998,49.769999999999996,1.0,1.0,0.799
<rdkit.Chem.rdchem.Mol object at 0x7f8da2c1b840>,CSc1ccc(S(=O)(=O)N2CCCC2c2cn[nH]c2)cc1,0.8785774756932254,2.9750236144284514,2.6574,66.06,1.0,1.0,0.799
<rdkit.Chem.rdchem.Mol object at 0x7f8da2c1b8b0>,CC(C)(C)c1ccccc1OCC(=O)N1CCNCC1,0.9149883467062719,2.047390245940889,1.7946999999999997,41.57,1.0,1.0,0.799
<rdkit.Chem.rdchem.Mol object at 0x7f8da2c1b920>,CC(C)CC1(CNC(=O)Nc2ccc(C(N)=O)c(F)c2)CCCC1,0.741112720307387,2.4825516851089002,3.6526000000000014,84.22,1.0,1.0,0.799
<rdkit.Chem.rdchem.Mol object at 0x7f8da2c1b990>,CCNc1nc(C(=O)OC2CCCC2)cs1,0.8220139347343252,2.3455210505991673,2.6743000000000006,51.22,1.0,1.0,0.799
<rdkit.Chem.rdchem.Mol object at 0x7f8da2c1ba00>,Cn1c(C(F)(F)F)nn(CC(=O)NCc2ccco2)c1=O,0.8920300371936978,2.537691393711521,0.51,82.06,1.0,1.0,0.799
<rdkit.Chem.rdchem.Mol object at 0x7f8da2c1ba70>,CC(C)Oc1ccc2nnc(CCC(=O)N3CCCCC3)n2n1,0.8413650701867019,2.436158654092715,1.8565999999999998,72.62,1.0,1.0,0.799
<rdkit.Chem.rdchem.Mol object at 0x7f8da2c1bae0>,Cc1ccccc1Nc1ccc(S(=O)(=O)N2CCCC2)cn1,0.9415894526900144,1.9427123681757674,2.918120000000002,62.300000000000004,1.0,1.0,0.799
<rdkit.Chem.rdchem.Mol object at 0x7f8da2c1bb50>,CC(C)c1nnc(C2CCN(C(=O)Cc3ccccc3F)CC2)o1,0.8625010518454134,2.3229667406416024,3.280800000000002,59.230000000000004,1.0,1.0,0.799
<rdkit.Chem.rdchem.Mol object at 0x7f8da2c1bbc0>,CCNc1ncc(-c2nnc3sccn23)cn1,0.7611467575032094,2.8185998126097864,1.6795999999999998,68.0,1.0,1.0,0.799
<rdkit.Chem.rdchem.Mol object at 0x7f8da2c1bc30>,COC(=O)C(NCCc1c[nH]c2ccccc12)C(C)C,0.795764562391278,2.5186065036734337,2.4976000000000003,54.12,1.0,1.0,0.799
<rdkit.Chem.rdchem.Mol object at 0x7f8da2c1bca0>,COc1cc(CNC(=O)C2CC3CCC2(C)C3(C)C)ccn1,0.9291572185774422,4.17944039143681,3.168800000000002,51.22,1.0,1.0,0.799
<rdkit.Chem.rdchem.Mol object at 0x7f8da2c1bd10>,Cc1cc(C)n(-c2ccccc2NC(=O)N(CCO)C(C)C)n1,0.8907982022268375,2.284500212534274,2.723740000000001,70.39,1.0,1.0,0.799
<rdkit.Chem.rdchem.Mol object at 0x7f8da2c1bd80>,CCC(=O)Nc1ccc(NC(=O)c2csnn2)cc1,0.8956752417704117,2.0368848409604148,2.1388999999999996,83.98,1.0,1.0,0.799
<rdkit.Chem.rdchem.Mol object at 0x7f8da2c1bdf0>,Cc1cnc(NC(=O)NCCc2ccc3c(c2)OCCO3)s1,0.9083567117667509,2.2402603764175257,2.58692,72.48,1.0,1.0,0.799
<rdkit.Chem.rdchem.Mol object at 0x7f8da2c1be60>,CC(=O)Nc1ccc(NC(C)=O)c(Br)c1,0.8670599064912927,1.7525346572654552,2.3659,58.2,1.0,1.0,0.799
<rdkit.Chem.rdchem.Mol object at 0x7f8da2c1bed0>,CCn1cc(NCC(=O)Nc2ccc(C)cc2)cn1,0.8645216110955042,1.9156309948065697,2.2620199999999997,58.95,1.0,1.0,0.799
<rdkit.Chem.rdchem.Mol object at 0x7f8da2c1bf40>,CSc1ccccc1C(=O)Nc1cccc(-c2nc(C)n[nH]2)c1,0.7170119280462215,2.3409852275192886,3.7543200000000017,70.67,1.0,1.0,0.799
<rdkit.Chem.rdchem.Mol object at 0x7f8da289c040>,CCN(CC)C(=O)CSc1nc(C)c(C)c(=O)n1C1CC1,0.5967079054097884,2.4228650490035974,2.1555400000000002,55.2,1.0,1.0,0.799
<rdkit.Chem.rdchem.Mol object at 0x7f8da289c0b0>,CN(CCOc1ccc(F)cc1)C(=O)COc1ccc(C#N)cc1,0.7836723980869613,1.937345247428933,2.6135800000000007,62.559999999999995,1.0,1.0,0.799
<rdkit.Chem.rdchem.Mol object at 0x7f8da289c120>,COC(=O)CN(Cc1ccncc1)C(=O)c1cc(CC(C)C)n[nH]1,0.7823928294237963,2.600177924541109,1.8185999999999998,88.18,1.0,1.0,0.799
<rdkit.Chem.rdchem.Mol object at 0x7f8da289c190>,CC(=O)N(C)c1ccc(NS(=O)(=O)Cc2cccc(F)c2)cc1,0.9128447921175872,2.0865969158309774,2.750300000000001,66.48,1.0,1.0,0.799
<rdkit.Chem.rdchem.Mol object at 0x7f8da289c200>,C=CCn1c(N)c(OCC(N)=O)c(=O)n(C)c1=O,0.5988150998126087,2.74528383843054,-1.8206999999999982,122.34,1.0,1.0,0.799
<rdkit.Chem.rdchem.Mol object at 0x7f8da289c270>,CCCCC(=O)Nc1ccccc1C(=O)N(CC)CC,0.8303788575993474,1.7496752359508783,3.2973000000000017,49.410000000000004,1.0,1.0,0.799
<rdkit.Chem.rdchem.Mol object at 0x7f8da289c2e0>,CCn1c(=O)n(CC(=O)OCC(=O)NC(C)(C)C)c2ccccc21,0.8358051019668216,2.18468676848706,1.2807999999999997,82.33000000000001,1.0,1.0,0.799
<rdkit.Chem.rdchem.Mol object at 0x7f8da289c350>,CCN(CC(=O)Nc1cc(OC)ccc1OC)c1ccccc1,0.852660087463716,1.8004749209028272,3.168800000000002,50.80000000000001,1.0,1.0,0.799
<rdkit.Chem.rdchem.Mol object at 0x7f8da289c3c0>,CNC(=O)COC(=O)CNC(=O)C12CC3CC(CC(C3)C1)C2,0.7288227342710699,3.5505480778306735,0.6081999999999994,84.5,1.0,1.0,0.799
<rdkit.Chem.rdchem.Mol object at 0x7f8da289c430>,COc1cc(F)c(NC(=O)c2ccc3c(c2)CCC3)cc1OC,0.9378235518743798,1.8783819031513467,3.5839000000000025,47.56,1.0,1.0,0.799
<rdkit.Chem.rdchem.Mol object at 0x7f8da289c4a0>,CCCN(C)S(=O)(=O)c1ccc(CNc2ncccc2C)cc1,0.8458311534467552,2.0764931383584493,3.0326200000000014,62.300000000000004,1.0,1.0,0.799
<rdkit.Chem.rdchem.Mol object at 0x7f8da289c510>,COCCNC(=O)c1nn(C)c2cccc(C)c2c1=O,0.8300987671500585,2.3109076835033253,0.6181199999999996,73.22,1.0,1.0,0.799
<rdkit.Chem.rdchem.Mol object at 0x7f8da289c580>,CC(C)(OCCO)C(=O)N1CC2C3CCC(C3)C2C1,0.8345009750689555,4.733388945177813,1.2784,49.77,1.0,1.0,0.799
<rdkit.Chem.rdchem.Mol object at 0x7f8da289c5f0>,C#CCOCCC(=O)N1CCCC(CSc2ccccn2)C1,0.43990022619295327,3.0955377261830384,2.4522000000000004,42.43,1.0,1.0,0.799
<rdkit.Chem.rdchem.Mol object at 0x7f8da289c660>,CC#CCOc1ccc(CN2CCOC(C)(C)C2)cc1,0.787352936502018,2.437395147618158,2.6995000000000013,21.700000000000003,1.0,1.0,0.799
<rdkit.Chem.rdchem.Mol object at 0x7f8da289c6d0>,CCc1onc(C)c1NC(=O)N1CCN(CC(O)C(C)(C)C)CC1,0.8784930673599641,3.1599022654419215,2.10192,81.84,1.0,1.0,0.799
<rdkit.Chem.rdchem.Mol object at 0x7f8da289c740>,COc1ccc(C(=O)Nc2ccccc2SC(F)F)cc1F,0.8272662087916302,1.9673889309572505,4.401300000000002,38.33,1.0,1.0,0.799
<rdkit.Chem.rdchem.Mol object at 0x7f8da289c7b0>,Cn1ncc2c(=O)n(CC(=O)NC(C)(C#N)C3CC3)cnc21,0.8510757084724951,3.101367966567654,-0.06152000000000002,105.60000000000001,1.0,1.0,0.799
<rdkit.Chem.rdchem.Mol object at 0x7f8da289c820>,Cc1cc(C(=O)N2CCC3CCCCC3C2)c2c(C)noc2n1,0.8083330648646083,3.125669901886373,3.4919400000000023,59.230000000000004,1.0,1.0,0.799
<rdkit.Chem.rdchem.Mol object at 0x7f8da289c890>,CCc1cc(OCC(=O)OC)nc(-c2ccc(F)cc2)n1,0.7912525423593781,2.154093685621218,2.3969000000000005,61.31,1.0,1.0,0.799
<rdkit.Chem.rdchem.Mol object at 0x7f8da289c900>,Cn1nc(C2CCCN(C(=O)Cc3ccccc3)C2)c2nccnc21,0.736710138499184,2.811858205936886,2.3120000000000003,63.910000000000004,1.0,1.0,0.799
<rdkit.Chem.rdchem.Mol object at 0x7f8da289c970>,CCC(C)C(=O)Nc1ccc2nc(N3CCOCC3)sc2c1,0.9405668853694567,2.5868352193149065,3.1175000000000015,54.46000000000001,1.0,1.0,0.799
<rdkit.Chem.rdchem.Mol object at 0x7f8da289c9e0>,Cc1cc(C)c(C)c(OCC(=O)Nc2cc(C)on2)c1,0.9306222121441401,2.0799639072795504,2.9257800000000014,64.36,1.0,1.0,0.799
<rdkit.Chem.rdchem.Mol object at 0x7f8da289ca50>,Cn1c(-c2cccc(F)c2)nc2cc(C#N)ccc21,0.665796051860644,2.085941251216825,3.251080000000001,41.61,1.0,1.0,0.799
<rdkit.Chem.rdchem.Mol object at 0x7f8da289cac0>,COCC1CCCN(C(=O)C2CCOc3ccccc32)C1,0.8576468298758783,2.9978523690856242,2.4377000000000004,38.769999999999996,1.0,1.0,0.799
<rdkit.Chem.rdchem.Mol object at 0x7f8da289cb30>,CC(C)C(=O)Nc1ccc(NC(C)C(=O)NC2CCCC2)cc1,0.7546711400771046,2.3600930842778087,3.1403000000000016,70.23,1.0,1.0,0.799
<rdkit.Chem.rdchem.Mol object at 0x7f8da289cba0>,CSc1nnc(NC(=O)Cn2ccc(C(F)(F)F)n2)s1,0.6890457723852075,2.574123068118711,2.114,72.7,1.0,1.0,0.799
<rdkit.Chem.rdchem.Mol object at 0x7f8da289cc10>,CCN(CC)C(=O)C1COCC2CN(C(=O)NCC(F)F)CC21,0.8171952040171545,3.9117854752521115,1.0238999999999996,61.88,1.0,1.0,0.799
<rdkit.Chem.rdchem.Mol object at 0x7f8da289cc80>,CNS(=O)(=O)c1ccc(NCCC(C)C)nc1,0.8088384135891192,2.1937257791649714,1.4476999999999995,71.09,1.0,1.0,0.799
<rdkit.Chem.rdchem.Mol object at 0x7f8da289ccf0>,COC(=O)c1cc(NC(=O)c2ccc(F)nc2)cc(C(=O)OC)c1,0.6800144973034682,2.053417419374634,2.0462,94.58999999999999,1.0,1.0,0.799
<rdkit.Chem.rdchem.Mol object at 0x7f8da289cd60>,CCOC(=O)c1cc2cc(Cl)ccc2oc1=O,0.60897499003144,1.9259683821678877,2.623100000000001,56.51,1.0,1.0,0.799
<rdkit.Chem.rdchem.Mol object at 0x7f8da289cdd0>,CCNC(=O)N1CCN(CC(=O)N2CCCCC2C)CC1,0.8353639989787102,2.5284812415470963,0.734500000000001,55.89000000000001,1.0,1.0,0.799
<rdkit.Chem.rdchem.Mol object at 0x7f8da289ce40>,CCC(OC)C(=O)NCC(=O)Nc1ccc(Cl)cc1,0.8372173355920726,2.316927458230859,1.8196999999999999,67.42999999999999,1.0,1.0,0.799
<rdkit.Chem.rdchem.Mol object at 0x7f8da289ceb0>,CCOC(=O)c1ccc(N(CC)S(C)(=O)=O)cc1Cl,0.7830878629012972,2.0983532512168246,2.3026,63.68,1.0,1.0,0.799
<rdkit.Chem.rdchem.Mol object at 0x7f8da289cf20>,CN1CC(C(=O)Nc2ccccc2Cc2ccccc2)CC1=O,0.943860368039648,2.3516001865505345,2.6942000000000004,49.410000000000004,1.0,1.0,0.799
<rdkit.Chem.rdchem.Mol object at 0x7f8da289cf90>,Cc1nn(C)c2nc(C3CC3)cc(C(=O)NCc3ccccc3O)c12,0.767624539674898,2.303545961451368,2.7897200000000004,80.04,1.0,1.0,0.799
<rdkit.Chem.rdchem.Mol object at 0x7f8da289d000>,COCCC(=O)NCc1nc2ccccc2s1,0.8820620727774787,1.9686882458907906,1.9489999999999998,51.22,1.0,1.0,0.799
<rdkit.Chem.rdchem.Mol object at 0x7f8da289d070>,COc1ccc(OC)c(CNC(=O)CSc2nncn2C)c1,0.7728844403246005,2.095463803836882,1.2407999999999997,78.27000000000001,1.0,1.0,0.799
<rdkit.Chem.rdchem.Mol object at 0x7f8da289d0e0>,CC(C)COc1ccccc1NC(=O)c1ccc(C(N)=O)cc1,0.8597482615054681,1.6969895325892175,3.0726000000000004,81.41999999999999,1.0,1.0,0.799
<rdkit.Chem.rdchem.Mol object at 0x7f8da289d150>,CCCC1CN(C(=O)c2ccc(Cl)c(N)c2)CCO1,0.8670813082156774,2.6077888794656463,2.563300000000001,55.56,1.0,1.0,0.799
<rdkit.Chem.rdchem.Mol object at 0x7f8da289d1c0>,Cc1nc2cc(C(=O)COc3ccccc3)ccc2[nH]1,0.738002575092075,1.9187309147548337,3.133020000000001,54.98,1.0,1.0,0.799
<rdkit.Chem.rdchem.Mol object at 0x7f8da289d230>,CCc1nc2n(n1)CC(NCc1nc3c(s1)CCCC3)CC2,0.9397850156633751,3.4301750671593707,2.2804,55.63,1.0,1.0,0.799
<rdkit.Chem.rdchem.Mol object at 0x7f8da289d2a0>,COc1ccc2nc(NC(=O)COc3cccc(C#N)c3)sc2c1,0.7715096380016674,2.025353874224132,3.1940800000000014,84.24000000000001,1.0,1.0,0.799
<rdkit.Chem.rdchem.Mol object at 0x7f8da289d310>,COC(=O)N1CCC(NC(=O)c2ccnc(OC3CCC3)c2)CC1,0.9110184880081508,2.286642984985493,1.9734999999999996,80.76,1.0,1.0,0.799
<rdkit.Chem.rdchem.Mol object at 0x7f8da289d380>,CCNc1ccc(S(=O)(=O)N2CCN(CC3CC3)CC2)cc1C,0.8640533902901858,2.0959318402815263,2.1431199999999997,52.650000000000006,1.0,1.0,0.799
<rdkit.Chem.rdchem.Mol object at 0x7f8da289d3f0>,CCC(=O)N1CCCCC1C(=O)Nc1ccccc1OC,0.9261775854720032,2.240054122903027,2.4248000000000003,58.64,1.0,1.0,0.799
<rdkit.Chem.rdchem.Mol object at 0x7f8da289d460>,Cc1cc(N)nc(SCC(=O)NC2CC2)n1,0.5969999375270837,2.2238883354881924,0.73792,80.89999999999999,1.0,1.0,0.799
<rdkit.Chem.rdchem.Mol object at 0x7f8da289d4d0>,Cc1ccnc(NC(=O)Nc2ccc(Cl)cc2)c1,0.8662645921240731,1.7190842042724555,3.6874200000000013,54.02,1.0,1.0,0.799
<rdkit.Chem.rdchem.Mol object at 0x7f8da289d540>,CN(C(=O)c1cccc(N)c1)c1ccc(Cl)cc1Cl,0.8552649052580036,2.0002882926369434,3.8522000000000025,46.33,1.0,1.0,0.799
<rdkit.Chem.rdchem.Mol object at 0x7f8da289d5b0>,COC(=O)c1ccc(NC(=O)c2cc3c(nc2N)CCCC3)cc1,0.8459061804311538,2.0791380076099273,2.581500000000001,94.30999999999999,1.0,1.0,0.799
<rdkit.Chem.rdchem.Mol object at 0x7f8da289d620>,COc1cc(CNC(=O)c2cnc3[nH]nc(C)c3c2)cc(Cl)c1O,0.6737790199966741,2.462636018685769,2.563920000000001,100.13,1.0,1.0,0.799
<rdkit.Chem.rdchem.Mol object at 0x7f8da289d690>,CC(NC(=O)N(CCC#N)CCC(F)(F)F)c1cccnc1,0.8772387419505494,3.0031156588753465,3.0202800000000014,69.02000000000001,1.0,1.0,0.799
<rdkit.Chem.rdchem.Mol object at 0x7f8da289d700>,CC(C)COc1nc(NC(=O)CC(C)C)ccc1N,0.8286469211980348,2.297014554384246,2.683200000000001,77.24000000000001,1.0,1.0,0.799
<rdkit.Chem.rdchem.Mol object at 0x7f8da289d770>,CC(C)Nc1nc(-c2cc3c(n(C(C)C)c2=O)CCC3)cs1,0.9311337997521726,2.792195236127487,3.8617000000000035,46.92,1.0,1.0,0.799
<rdkit.Chem.rdchem.Mol object at 0x7f8da289d7e0>,CCNC(=O)c1c(C)nc(N)nc1-c1cccc(Br)c1,0.903234429947372,2.237482788398431,2.5464200000000012,80.9,1.0,1.0,0.799
<rdkit.Chem.rdchem.Mol object at 0x7f8da289d850>,CS(=O)(=O)NCC(=O)NCc1cccc2ccccc12,0.8632039773005381,1.8848487624244044,1.0051999999999999,75.27,1.0,1.0,0.799
<rdkit.Chem.rdchem.Mol object at 0x7f8da289d8c0>,CC(C)S(=O)(=O)NC1CCC(Oc2ccc(C#N)cn2)CC1,0.8941053287038813,2.5857286535297597,1.9710799999999997,92.08,1.0,1.0,0.799
<rdkit.Chem.rdchem.Mol object at 0x7f8da289d930>,CC(=O)NC(C)C(=O)Nc1ccc(-n2nc(C)cc2C)nc1,0.8917677346856293,2.6020387357984234,1.3472399999999993,88.91000000000001,1.0,1.0,0.799
<rdkit.Chem.rdchem.Mol object at 0x7f8da289d9a0>,CC(c1cccs1)N(C)C(=O)CC1OC(=O)c2ccccc21,0.8103862350801317,3.1552220175678283,3.569300000000003,46.61,1.0,1.0,0.799
<rdkit.Chem.rdchem.Mol object at 0x7f8da289da10>,Cc1nc(-c2ccco2)sc1C(=O)NCCCN1CCOCC1,0.819568288168826,2.2871827121242365,2.16362,67.60000000000001,1.0,1.0,0.799
<rdkit.Chem.rdchem.Mol object at 0x7f8da289da80>,CCOc1ccccc1-c1nc(C)ncc1Br,0.86672652870804,2.1720088895328633,3.6132200000000028,35.010000000000005,1.0,1.0,0.799
<rdkit.Chem.rdchem.Mol object at 0x7f8da289daf0>,Cn1c(SCc2ccccc2F)nnc1-c1cnccn1,0.6934962317952374,2.249969471630152,2.703500000000001,56.49,1.0,1.0,0.799
<rdkit.Chem.rdchem.Mol object at 0x7f8da289db60>,CNC(=O)c1cc(C)ccc1NC(=O)COc1ccccc1C,0.8917344243682163,1.7658871287430653,2.6805400000000006,67.43,1.0,1.0,0.799
<rdkit.Chem.rdchem.Mol object at 0x7f8da289dbd0>,CCn1c(=O)oc2cc(NC(=O)CCc3ccc(C)o3)ccc21,0.784772907357118,2.2769189445714666,3.0871200000000014,77.38000000000001,1.0,1.0,0.799
<rdkit.Chem.rdchem.Mol object at 0x7f8da289dc40>,CCn1nc(C)cc1C(=O)Nc1ccc(-n2cnnn2)cc1C,0.7923840800575527,2.3620749209028276,1.7478399999999996,90.52000000000001,1.0,1.0,0.799
<rdkit.Chem.rdchem.Mol object at 0x7f8da289dcb0>,CCOC(=O)c1ccc2oc(-c3ccc(N)cc3)nc2c1,0.5889624367567615,1.933084389662941,3.2537000000000003,78.35,1.0,1.0,0.799
<rdkit.Chem.rdchem.Mol object at 0x7f8da289dd20>,CCOCCCNS(=O)(=O)c1ccc(Br)c(F)c1,0.7751914868657278,2.0884483930248816,2.2931,55.4,1.0,1.0,0.799
<rdkit.Chem.rdchem.Mol object at 0x7f8da289dd90>,CCC(=O)c1ccccc1OCC(=O)NCc1ccccc1,0.7993587164702171,1.673173906637306,2.9745000000000017,55.400000000000006,1.0,1.0,0.799
<rdkit.Chem.rdchem.Mol object at 0x7f8da289de00>,Cc1noc(C)c1S(=O)(=O)N1CCCC1c1ccncc1,0.8686476284729026,2.8278374345066783,2.2122399999999995,76.30000000000001,1.0,1.0,0.799
<rdkit.Chem.rdchem.Mol object at 0x7f8da289de70>,CN(C)C(=O)C1CCCN1C(=O)CSc1ccccn1,0.7841798564908398,2.6811652948822253,1.2528999999999997,53.510000000000005,1.0,1.0,0.799
<rdkit.Chem.rdchem.Mol object at 0x7f8da289dee0>,CC(C)(C)OC(=O)Nc1c(N)c(C#N)c2ccccn12,0.8343443739274645,2.731559385135027,2.7401800000000005,92.54999999999998,1.0,1.0,0.799
<rdkit.Chem.rdchem.Mol object at 0x7f8da289df50>,Cc1ccc(C(=O)CCC(=O)N2CCC(C(N)=O)CC2)cc1C,0.8435789044822318,1.9690079048419662,1.9902399999999996,80.47,1.0,1.0,0.799
<rdkit.Chem.rdchem.Mol object at 0x7f8da289dfc0>,CN(Cc1cccc2cccnc12)S(=O)(=O)N(C)C1CCCC1,0.8452972380459268,2.383992317352533,2.785800000000001,53.510000000000005,1.0,1.0,0.799
<rdkit.Chem.rdchem.Mol object at 0x7f8da289e030>,Cc1cc(C)cc(NC(=O)CN2C(=O)c3ccccc3S2(=O)=O)c1,0.9239663905998163,2.200434202591417,2.08664,83.55000000000001,1.0,1.0,0.799
<rdkit.Chem.rdchem.Mol object at 0x7f8da289e0a0>,COc1ccc(OC)c(CN(C)C(=O)COc2cccc(C)c2)c1,0.7832302897109447,1.8705848131748635,3.0496200000000018,48.0,1.0,1.0,0.799
<rdkit.Chem.rdchem.Mol object at 0x7f8da289e110>,CCN(C(=O)c1ccc(Cl)c(N)c1)C(C)COC,0.8362720609627718,2.6497165738343504,2.419200000000001,55.56,1.0,1.0,0.799
<rdkit.Chem.rdchem.Mol object at 0x7f8da289e180>,Cc1cc(C(=O)N2CCN(Cc3ccc(C#N)o3)CC2)on1,0.8514055744925444,2.584037642901043,1.4057000000000002,86.51,1.0,1.0,0.799
<rdkit.Chem.rdchem.Mol object at 0x7f8da289e1f0>,CCOC(C)C(=O)Nc1cc(Br)ccc1N,0.8356837500838429,2.4975248915270836,2.3948,64.35,1.0,1.0,0.799
<rdkit.Chem.rdchem.Mol object at 0x7f8da289e260>,COC(=O)c1cc(C(=O)NC2CCCC2)cs1,0.8401821849123002,2.1409213895328634,2.2071000000000005,55.400000000000006,1.0,1.0,0.799
<rdkit.Chem.rdchem.Mol object at 0x7f8da289e2d0>,COc1ccc(F)cc1NC(=O)NCCc1cc(=O)[nH]c2ccccc12,0.6577580621079323,2.0529479925821636,3.040000000000001,83.22,1.0,1.0,0.799
<rdkit.Chem.rdchem.Mol object at 0x7f8da289e340>,CCC1NCCc2ccc(OCC(F)(F)F)c(OC)c21,0.9227942273837307,3.1350018033737337,3.233100000000002,30.49,1.0,1.0,0.799
<rdkit.Chem.rdchem.Mol object at 0x7f8da289e3b0>,CC(NC(=O)C(C)(C)C)C(=O)N1CCNC(=O)C1,0.6976975029385385,2.865507040282795,-0.5043999999999984,78.51,1.0,1.0,0.799
<rdkit.Chem.rdchem.Mol object at 0x7f8da289e420>,Cc1nc(-c2ncccn2)sc1C(=O)NCC1CCOC1C(C)C,0.9005745852968776,3.544141419122221,2.699420000000001,77.0,1.0,1.0,0.799
<rdkit.Chem.rdchem.Mol object at 0x7f8da289e490>,CC(C)C(O)CCNC(=O)Nc1cccc(Cl)c1-n1cccn1,0.7581722706747575,2.8711935650470384,3.0542000000000016,79.17999999999999,1.0,1.0,0.799
<rdkit.Chem.rdchem.Mol object at 0x7f8da289e500>,Cc1cc(S(=O)(=O)N2CCOCC2)cnc1N,0.8052541298104597,2.2365965327407196,-0.006879999999999886,85.52,1.0,1.0,0.799
<rdkit.Chem.rdchem.Mol object at 0x7f8da289e570>,CC1=CC(C)=NC(=O)C1CNC(=O)C1CCN(C(=O)C2CC2)CC1,0.8435435843644146,3.2145974133709156,1.3147999999999995,78.84,1.0,1.0,0.799
<rdkit.Chem.rdchem.Mol object at 0x7f8da289e5e0>,CCOC(=O)C1CCN(C(=O)C2CC(=O)N(Cc3ccco3)C2)CC1,0.7522142900928677,2.710872833639881,1.4297999999999993,80.06,1.0,1.0,0.799
<rdkit.Chem.rdchem.Mol object at 0x7f8da289e650>,Cc1noc(C)c1CCCNC(=O)NC1CCc2c(F)cccc21,0.8257817625976954,2.862326146402591,3.3498400000000013,67.16,1.0,1.0,0.799
<rdkit.Chem.rdchem.Mol object at 0x7f8da289e6c0>,CCc1nnc(C2Cc3ccccc3CN2Cc2cccc(C)n2)o1,0.7290205683256231,2.9866194282761906,3.6350200000000026,55.050000000000004,1.0,1.0,0.799
<rdkit.Chem.rdchem.Mol object at 0x7f8da289e730>,CC(=O)NC1CN(C(=O)Cc2ccc(F)cc2)CC1c1ccc(C)o1,0.9263605873587469,3.0639131932610093,2.40032,62.550000000000004,1.0,1.0,0.799
<rdkit.Chem.rdchem.Mol object at 0x7f8da289e7a0>,CN(CCc1noc(C2CCC2)n1)c1nccnc1C#N,0.8242276149310668,2.8611366973552457,1.6776799999999996,91.72999999999999,1.0,1.0,0.799
<rdkit.Chem.rdchem.Mol object at 0x7f8da289e810>,COC(=O)C1(NC(=O)C(C)Cc2ccccc2F)CCCC1,0.8508007746976698,2.785724536555044,2.6063,55.4,1.0,1.0,0.799
<rdkit.Chem.rdchem.Mol object at 0x7f8da289e880>,CCn1c(=O)oc2cc(S(=O)(=O)N3CCCCCC3)ccc21,0.8672665057351931,2.1663762107847706,2.1791,72.52,1.0,1.0,0.799
<rdkit.Chem.rdchem.Mol object at 0x7f8da289e8f0>,COc1ccc(CC(=O)NCc2c(C)cc(C)[nH]c2=O)cc1,0.8851171529964444,2.01454529917919,1.85924,71.19,1.0,1.0,0.799
<rdkit.Chem.rdchem.Mol object at 0x7f8da289e960>,Cc1cc(C(=O)NCc2ccccc2OCCC(C)C)sc1C,0.797011119079534,2.0870551575892193,4.719840000000004,38.33,1.0,1.0,0.799
<rdkit.Chem.rdchem.Mol object at 0x7f8da289e9d0>,COC(=O)c1ccc(C(=O)N(C)c2cc(Cl)ccc2C#N)cc1,0.8106481272310727,2.1071661466002087,3.2748800000000013,70.4,1.0,1.0,0.799
<rdkit.Chem.rdchem.Mol object at 0x7f8da289ea40>,Cc1cnc(C(=O)NCc2cc(Br)ccc2F)cn1,0.9442061488673433,2.1104353005637044,2.616620000000001,54.88,1.0,1.0,0.799
<rdkit.Chem.rdchem.Mol object at 0x7f8da289eab0>,CN(Cc1nc2ccccc2[nH]1)C(=O)c1csnn1,0.7876036791986218,2.4313227896783633,1.6865999999999997,74.77000000000001,1.0,1.0,0.799
<rdkit.Chem.rdchem.Mol object at 0x7f8da289eb20>,CCc1noc(C)c1C(=O)OCc1ccccc1Br,0.8054785683388394,2.176868101724807,3.664920000000003,52.33,1.0,1.0,0.799
<rdkit.Chem.rdchem.Mol object at 0x7f8da289eb90>,CC1c2cccn2CCN1C(=O)c1ccc(Br)cc1,0.7900310986880538,2.6240315016233637,3.467600000000002,25.240000000000002,1.0,1.0,0.799
<rdkit.Chem.rdchem.Mol object at 0x7f8da289ec00>,CCSc1ccc(Cl)cc1C(=O)N(C)Cc1ccc(C)o1,0.7523745981578427,2.302273063402991,4.625620000000004,33.45,1.0,1.0,0.799
<rdkit.Chem.rdchem.Mol object at 0x7f8da289ec70>,Cc1ccc(C(=O)N2CCC3(CC2)OCCCC3O)cc1Cl,0.8642815131059711,3.4136828489014057,2.7945200000000012,49.77,1.0,1.0,0.799
<rdkit.Chem.rdchem.Mol object at 0x7f8da289ece0>,COc1ccccc1S(=O)(=O)N(C)Cc1ccsc1,0.851913396717842,2.0590085951936032,2.577400000000001,46.61000000000001,1.0,1.0,0.799
<rdkit.Chem.rdchem.Mol object at 0x7f8da289ed50>,CC(=O)N(CCc1ccccc1)CC(=O)Nc1cccc2cnccc12,0.7443387961925593,2.0477839510021205,3.2645000000000017,62.300000000000004,1.0,1.0,0.799
<rdkit.Chem.rdchem.Mol object at 0x7f8da289edc0>,CC(=O)c1ccc(-n2c(N)c(C#N)c3nc4ccccc4nc32)cc1,0.5699863327166191,2.3050531863391566,3.2301800000000007,97.59,1.0,1.0,0.799
<rdkit.Chem.rdchem.Mol object at 0x7f8da289ee30>,CN(C)C(=O)N1CCN(S(=O)(=O)c2ccc3c(c2)CCC3)CC1,0.8136432201832866,2.158847465281527,1.1632,60.93000000000001,1.0,1.0,0.799
<rdkit.Chem.rdchem.Mol object at 0x7f8da289eea0>,CC(C)c1cc(C(=O)N(C)c2ccc(F)c(F)c2)no1,0.8657510087680356,2.460641436417079,3.352800000000002,46.34,1.0,1.0,0.799
<rdkit.Chem.rdchem.Mol object at 0x7f8da289ef10>,COc1cccc(-c2noc(C(=O)N3CCOCC3)c2N)c1,0.9214649699395866,2.3694464341098325,1.4048,90.82000000000001,1.0,1.0,0.799
<rdkit.Chem.rdchem.Mol object at 0x7f8da289ef80>,COCCn1c(SCc2sc(C)nc2C)nc(C)c1C,0.7654354520607829,2.6007504807061235,3.511980000000003,39.94,1.0,1.0,0.799
<rdkit.Chem.rdchem.Mol object at 0x7f8da289eff0>,CC(C)CN(C)C(=O)c1cnc(Cc2cccs2)s1,0.8450252418388692,2.61710525702234,3.5234000000000023,33.2,1.0,1.0,0.799
<rdkit.Chem.rdchem.Mol object at 0x7f8da289f060>,Cc1ccncc1NC(=O)NCC(=O)NCc1ccccc1,0.7871871083841986,1.858202478065877,1.8279199999999993,83.12,1.0,1.0,0.799
<rdkit.Chem.rdchem.Mol object at 0x7f8da289f0d0>,Cc1cc(C(=O)Nc2nc(-c3cccnc3)cs2)on1,0.8002983170166162,2.236115795391438,2.753820000000001,80.91000000000001,1.0,1.0,0.799
<rdkit.Chem.rdchem.Mol object at 0x7f8da289f140>,COc1ccc(-c2ncc(C)c(N3CCCC3)n2)cc1,0.8580466711573095,1.9581685805373255,3.0608200000000014,38.25,1.0,1.0,0.799
<rdkit.Chem.rdchem.Mol object at 0x7f8da289f1b0>,Cc1ccc(C)c(NC(=O)N(CC(=O)NC2CC2)C2CC2)c1,0.877828168044088,2.087497203340604,2.5783400000000007,61.440000000000005,1.0,1.0,0.799
<rdkit.Chem.rdchem.Mol object at 0x7f8da289f220>,COc1ccc(NC(=O)COc2cccc(C(C)=O)c2)cc1OC,0.7907095093948728,1.6906922758614318,2.9239000000000015,73.86,1.0,1.0,0.799
<rdkit.Chem.rdchem.Mol object at 0x7f8da289f290>,CC1CCC(NC(=O)C2CCN(C(=O)c3cccc(F)c3)CC2)CC1,0.9121292204284014,1.9977173250173799,3.3728000000000025,49.410000000000004,1.0,1.0,0.799
<rdkit.Chem.rdchem.Mol object at 0x7f8da289f300>,CCCCOc1ccc(NC(=O)NCC(=O)N2CCCC2)cc1C,0.7538138660948541,1.947542532496806,2.9178200000000016,70.67,1.0,1.0,0.799
<rdkit.Chem.rdchem.Mol object at 0x7f8da289f370>,CC(CCc1ccc(Br)cc1)NC(=O)N1CCOCC1,0.9150653701550021,2.41202534404359,2.812000000000001,41.57000000000001,1.0,1.0,0.799
<rdkit.Chem.rdchem.Mol object at 0x7f8da289f3e0>,CCCNC(=O)CCNC(=O)c1ccc(Br)cc1,0.8447984874408212,1.6252403490688394,2.0951999999999997,58.2,1.0,1.0,0.799
<rdkit.Chem.rdchem.Mol object at 0x7f8da289f450>,COc1cc2c(cc1O)CCNC2c1cnccc1Cl,0.8927734546205728,3.0040310120597837,2.6843000000000004,54.38,1.0,1.0,0.799
<rdkit.Chem.rdchem.Mol object at 0x7f8da289f4c0>,Cc1cc(C(=O)Nc2ccccc2C(=O)OC(C)C)no1,0.874753942348078,1.9782611270634707,2.8005200000000006,81.43,1.0,1.0,0.799
<rdkit.Chem.rdchem.Mol object at 0x7f8da289f530>,CCC(NCc1c(C)nn(CC)c1C)C(=O)OC,0.7817120846002248,2.7937886892189674,1.5610399999999998,56.150000000000006,1.0,1.0,0.799
<rdkit.Chem.rdchem.Mol object at 0x7f8da289f5a0>,CCCC(=O)Nc1cc(C2CC2)nn1-c1nc(C)cc(=O)[nH]1,0.8815259349005853,2.7524000280568703,1.8800199999999996,92.66999999999999,1.0,1.0,0.799
<rdkit.Chem.rdchem.Mol object at 0x7f8da289f610>,Cc1nc(CC(=O)NCCN2CCOC2=O)cs1,0.8476530215055911,2.4272498151321855,0.5624199999999995,71.53,1.0,1.0,0.799
<rdkit.Chem.rdchem.Mol object at 0x7f8da289f680>,COCCNC(=O)CNC(=O)c1c(C)nn2c(C)cc(C)nc12,0.7385853091725173,2.3838804323144913,0.1469600000000013,97.62,1.0,1.0,0.799
<rdkit.Chem.rdchem.Mol object at 0x7f8da289f6f0>,Cc1nn(C)cc1NC(=O)CN(C)S(=O)(=O)c1cccs1,0.8889381293958848,2.4148565758977565,1.0492199999999998,84.30000000000001,1.0,1.0,0.799
<rdkit.Chem.rdchem.Mol object at 0x7f8da289f760>,COc1ccc(F)c(C(=O)NC2CCCCC2O)c1F,0.8928267193236993,2.897087602625657,2.0067,58.56,1.0,1.0,0.799
<rdkit.Chem.rdchem.Mol object at 0x7f8da289f7d0>,CN(C)c1nc(CNc2cc(Cl)ccc2C(N)=O)ns1,0.8816343753266117,2.617008382804025,1.9685000000000001,84.14,1.0,1.0,0.799
<rdkit.Chem.rdchem.Mol object at 0x7f8da289f840>,CCCCn1nnnc1NC(=O)NCc1ccc(F)cc1,0.8516983417406174,2.161520543509093,1.9339999999999995,84.73,1.0,1.0,0.799
<rdkit.Chem.rdchem.Mol object at 0x7f8da289f8b0>,COc1cccc(NC(=O)c2cccc(-n3cccc3)c2)c1,0.7957596106562319,1.793440664879066,3.7382000000000017,43.26,1.0,1.0,0.799
<rdkit.Chem.rdchem.Mol object at 0x7f8da289f920>,CCOc1ccc(F)c(C(=O)N2CCOC3(CCOCC3)C2)c1F,0.8469820536940037,3.1132449246831335,2.3851000000000004,48.0,1.0,1.0,0.799
<rdkit.Chem.rdchem.Mol object at 0x7f8da289f990>,COc1cc(C(=O)NCCc2cccc(Cl)c2)cc(OC)c1OC,0.8325711011640923,1.792430507778768,3.338300000000002,56.790000000000006,1.0,1.0,0.799
<rdkit.Chem.rdchem.Mol object at 0x7f8da289fa00>,Cc1nc2scc(C)n2c(=O)c1NC(=O)c1cccc(F)c1,0.7902802126935381,2.342851226039217,2.76424,63.470000000000006,1.0,1.0,0.799
<rdkit.Chem.rdchem.Mol object at 0x7f8da289fa70>,COc1ccc(-c2cc(-c3ccco3)nc3ncnn23)cc1OC,0.5746536585527361,2.3963319248691395,3.068500000000001,74.68,1.0,1.0,0.799
<rdkit.Chem.rdchem.Mol object at 0x7f8da289fae0>,CCc1c(C(=O)N2CCN(C(=O)OC)CC2)cnn1-c1ccccn1,0.840375269491292,2.3057318428938682,1.3538999999999994,80.56000000000002,1.0,1.0,0.799
<rdkit.Chem.rdchem.Mol object at 0x7f8da289fb50>,Cn1c(N)c(N2CCC(Cc3nc4ccccc4[nH]3)CC2)c(=O)[nH]c1=O,0.6491660970767624,2.6162263709605416,0.9911999999999996,112.79999999999998,1.0,1.0,0.799
<rdkit.Chem.rdchem.Mol object at 0x7f8da289fc30>,Cc1ccccc1OCCN(C)S(=O)(=O)c1c[nH]c2ncccc12,0.7449310674546683,2.298316514397259,2.5708200000000003,75.28999999999999,1.0,1.0,0.799
<rdkit.Chem.rdchem.Mol object at 0x7f8da289fbc0>,Cc1cc(N2CCCC2)ccc1C(=O)NCCC(=O)N(C)C,0.9022867965785891,1.9856885526470354,1.8033199999999998,52.650000000000006,1.0,1.0,0.799
<rdkit.Chem.rdchem.Mol object at 0x7f8da289fca0>,CCOCC1CCCN(C(=O)c2c[nH]nc2-c2ccccc2F)C1,0.9157271962196946,3.0407278481535247,3.1045000000000016,58.22,1.0,1.0,0.799
<rdkit.Chem.rdchem.Mol object at 0x7f8da289fd10>,CCCc1noc(CCCC(=O)N2CCOCC23CCC3)n1,0.8050307845101252,3.340600054479742,2.1263000000000005,68.46000000000001,1.0,1.0,0.799
<rdkit.Chem.rdchem.Mol object at 0x7f8da289fd80>,C=CCCOC(C)C(=O)Nc1cccc(C)c1C(N)=O,0.5901628518939682,2.7425496355415664,2.01362,81.41999999999999,1.0,1.0,0.799
<rdkit.Chem.rdchem.Mol object at 0x7f8da289fdf0>,COc1cncc(CC2CCN(c3ncnc4c3cnn4C)CC2)c1,0.726496170140063,2.516201288863682,2.226,68.96000000000001,1.0,1.0,0.799
<rdkit.Chem.rdchem.Mol object at 0x7f8da289fe60>,COC(=O)C1CCN(C(=O)c2ccc3c(c2)OCO3)c2ccccc21,0.7873190063946506,2.704240845557539,2.7224000000000013,65.07000000000001,1.0,1.0,0.799
<rdkit.Chem.rdchem.Mol object at 0x7f8da289fed0>,C=CCNC(=O)Nc1ccc(Oc2cccnc2)nc1,0.8186249862664713,2.234069906797272,2.5764000000000005,76.14,1.0,1.0,0.799
<rdkit.Chem.rdchem.Mol object at 0x7f8da289ff40>,Cc1noc(C)c1C(=O)NCC(=O)NCCCn1cccn1,0.7219883696164943,2.34084221574755,0.4242399999999995,102.05,1.0,1.0,0.799
<rdkit.Chem.rdchem.Mol object at 0x7f8da28a0040>,Cc1ccc(C(=O)CCC(=O)Nc2ccc3oc(=O)[nH]c3c2)cc1,0.7056002819811598,2.082251356026216,3.0311200000000005,92.16999999999999,1.0,1.0,0.799
<rdkit.Chem.rdchem.Mol object at 0x7f8da28a00b0>,COCC(=O)NCc1ccc(C(=O)N(C)C)cc1,0.8344686004264793,1.7145626787391688,0.6509999999999998,58.64,1.0,1.0,0.799
<rdkit.Chem.rdchem.Mol object at 0x7f8da28a0120>,Cc1cc(C(=O)NC(C)C(=O)N2CCCCC2)no1,0.8880567941376115,2.549543596446778,1.11382,75.44,1.0,1.0,0.799
<rdkit.Chem.rdchem.Mol object at 0x7f8da28a0190>,Cc1ccc(C)c(S(=O)(=O)CCC(=O)N2CCCCC2)c1,0.8583581831816671,2.013821869769039,2.4797400000000005,54.45,1.0,1.0,0.799
<rdkit.Chem.rdchem.Mol object at 0x7f8da28a0200>,Cc1nc(CC(=O)N2CCCCCC2)sc1CCO,0.9178477248306135,2.3795797127552873,1.9314199999999997,53.43000000000001,1.0,1.0,0.799
<rdkit.Chem.rdchem.Mol object at 0x7f8da28a0270>,COc1ccccc1OCC(=O)NCCOc1ccc(Cl)cc1,0.7535678767222147,1.6368852275192882,2.922600000000001,56.790000000000006,1.0,1.0,0.799
<rdkit.Chem.rdchem.Mol object at 0x7f8da28a02e0>,CC(c1ccc(F)cc1)N1CCC(N2CCOCC2)CC1,0.8516928365559133,2.5190349637348834,2.683300000000001,15.71,1.0,1.0,0.799
<rdkit.Chem.rdchem.Mol object at 0x7f8da28a0350>,COc1ccccc1Nc1nnc(NC(=O)c2ccccc2C)s1,0.737617961812603,1.9192702621839963,3.851020000000002,76.14,1.0,1.0,0.799
<rdkit.Chem.rdchem.Mol object at 0x7f8da28a03c0>,CC(NC(=O)Cn1nccc1-c1ccncc1)c1nnc2ccccn12,0.5950893263059046,3.0003936939862568,1.8651999999999997,90.0,1.0,1.0,0.799
<rdkit.Chem.rdchem.Mol object at 0x7f8da28a0430>,COc1ccc(C(C)=O)cc1CC(=O)NC(C)c1csc(C)n1,0.8255255835235309,2.660361525211874,3.0826200000000012,68.29,1.0,1.0,0.799
<rdkit.Chem.rdchem.Mol object at 0x7f8da28a04a0>,CCn1c(N)nc2cc(C(=O)N3CCC(c4nc(C)no4)CC3)cnc21,0.7604255601660803,2.6542284499626216,1.7446200000000003,115.96000000000001,1.0,1.0,0.799
<rdkit.Chem.rdchem.Mol object at 0x7f8da28a0510>,COc1ccc2nnc(CCC(=O)Nc3ncccc3C)n2n1,0.7651826477367006,2.4295607519948135,1.4076199999999999,94.3,1.0,1.0,0.799
<rdkit.Chem.rdchem.Mol object at 0x7f8da28a0580>,CCOC(=O)c1cccc(NC(=O)Cc2noc3ccccc23)c1,0.7289634065798546,1.9699050447926947,3.1857000000000015,81.42999999999999,1.0,1.0,0.799
<rdkit.Chem.rdchem.Mol object at 0x7f8da28a05f0>,CC(O)CC(C)CNC(=O)Nc1ccccc1OC(F)F,0.7250819943543452,2.9556196087484636,2.8165000000000013,70.59,1.0,1.0,0.799
<rdkit.Chem.rdchem.Mol object at 0x7f8da28a0660>,COC(=O)C(C)NC(=O)C(NC(C)=O)C1CCCC1,0.7063834397395268,2.8976032600141863,0.3589999999999991,84.5,1.0,1.0,0.799
<rdkit.Chem.rdchem.Mol object at 0x7f8da28a06d0>,COCC1CCCN1C(=O)CCn1cnc2sc3c(c2c1=O)CCC3,0.8167846280381865,2.9708946917113863,1.9741999999999997,64.43,1.0,1.0,0.799
<rdkit.Chem.rdchem.Mol object at 0x7f8da28a0740>,CCOc1ccc(CNC(=O)NCCC(C)(C)C)cc1C,0.8409102214035699,2.0123731750880403,3.629120000000002,50.36,1.0,1.0,0.799
<rdkit.Chem.rdchem.Mol object at 0x7f8da28a07b0>,Cc1noc(COC(=O)C23CC4CC(CC(C4)C2)C3)n1,0.7939551033983643,3.714036597151124,2.637620000000001,65.22,1.0,1.0,0.799
<rdkit.Chem.rdchem.Mol object at 0x7f8da28a0820>,CC(C(=O)NCc1ccco1)n1cnc2ccccc21,0.7912920153989043,2.5724040121993905,2.5067000000000004,60.06,1.0,1.0,0.799
<rdkit.Chem.rdchem.Mol object at 0x7f8da28a0890>,COc1cc(NC(C)=O)c(Cl)cc1C(=O)N1CCCCCC1,0.9274732610694182,1.9200214656356849,3.3232000000000017,58.64,1.0,1.0,0.799
<rdkit.Chem.rdchem.Mol object at 0x7f8da28a0900>,COC(=O)NCC(=O)NCCCS(=O)(=O)c1ccc(F)cc1,0.5579040644918767,2.0312148956482954,0.4616999999999998,101.57,1.0,1.0,0.799
<rdkit.Chem.rdchem.Mol object at 0x7f8da28a0970>,CCn1nnc2cc(C(=O)Nc3ccccc3Cl)ccc21,0.8066184710350911,1.884793620432168,3.3569000000000013,59.81,1.0,1.0,0.799
<rdkit.Chem.rdchem.Mol object at 0x7f8da28a09e0>,CCC(C)c1ccc(NC(=O)CN2CCOCC2)cc1,0.8980028703313593,2.2134083399950057,2.4708000000000006,41.57000000000001,1.0,1.0,0.799
<rdkit.Chem.rdchem.Mol object at 0x7f8da28a0a50>,COC(=O)C1CN(Cc2cc3ccc(C)cc3[nH]c2=O)CCO1,0.8619469334528526,2.837900121999702,1.2103199999999994,71.63,1.0,1.0,0.799
<rdkit.Chem.rdchem.Mol object at 0x7f8da28a0ac0>,COc1ccccc1NC(=O)c1cc2c(=O)n(C)ccc2n1C,0.8057158638594497,2.151039532589218,2.1379,65.25999999999999,1.0,1.0,0.799
<rdkit.Chem.rdchem.Mol object at 0x7f8da28a0b30>,Cc1ccc2c(c1)C(NC(=O)NC(C(N)=O)c1ccccc1)CC(C)O2,0.788807515680347,3.2572788346743486,2.732920000000001,93.45,1.0,1.0,0.799
<rdkit.Chem.rdchem.Mol object at 0x7f8da28a0ba0>,COC(=O)C1=C(C)NC(=O)NC1c1ccc(OC(F)F)cc1,0.8347302613565111,2.7041887357984233,2.0888999999999998,76.66,1.0,1.0,0.799
<rdkit.Chem.rdchem.Mol object at 0x7f8da28a0c10>,CCC(CC(=O)OC)c1cccc(Br)c1,0.7832189882071922,2.4769971653330316,3.5058000000000025,26.3,1.0,1.0,0.799
<rdkit.Chem.rdchem.Mol object at 0x7f8da28a0c80>,COC1CCC(c2ccc3c(c2)OCO3)n2nc(N)nc21,0.9043358550815748,3.7136894434866328,1.6596999999999993,84.42,1.0,1.0,0.799
<rdkit.Chem.rdchem.Mol object at 0x7f8da28a0cf0>,Cc1cccc(C)c1NC(=O)C1CSc2nccc(=O)n2C1,0.8632164634989214,3.090045534805869,2.22074,63.99,1.0,1.0,0.799
<rdkit.Chem.rdchem.Mol object at 0x7f8da28a0d60>,Cc1c(Cl)cccc1NC(=O)COc1ccccc1C#N,0.9391380095824491,1.8195612214751957,3.537600000000001,62.12,1.0,1.0,0.799
<rdkit.Chem.rdchem.Mol object at 0x7f8da28a0dd0>,CCC(CC)C(=O)NC1CCN(C(=O)c2ccc(F)cc2)CC1,0.9065373965428537,1.9642246287430645,2.9827000000000012,49.410000000000004,1.0,1.0,0.799
<rdkit.Chem.rdchem.Mol object at 0x7f8da28a0e40>,COc1ccc(NC(=O)CCc2c(C)[nH]c(=O)c(C#N)c2C)cc1,0.8824179185799579,2.1288516851088986,2.44332,94.97999999999999,1.0,1.0,0.799
<rdkit.Chem.rdchem.Mol object at 0x7f8da28a0eb0>,CCn1cnnc1CNC(=O)NCC(c1ccccc1F)N1CCCC1,0.7926833393890816,2.9053620988445577,2.0734,75.08,1.0,1.0,0.799
<rdkit.Chem.rdchem.Mol object at 0x7f8da28a0f20>,Cc1ccc(-c2noc(COC(=O)Cc3csc(C)n3)n2)cc1,0.6693738990997901,2.195978234512296,3.0958400000000017,78.11,1.0,1.0,0.799
<rdkit.Chem.rdchem.Mol object at 0x7f8da28a0f90>,CC1CN(C(=O)c2cccc(-c3n[nH]c4ncccc34)c2)CC(C)O1,0.7810028112800164,3.064744127326943,2.8743000000000016,71.11,1.0,1.0,0.799
<rdkit.Chem.rdchem.Mol object at 0x7f8da28a1000>,COc1ccc(C(C)NC(=O)C(NC(N)=O)C(C)C)cc1Cl,0.7474593980731538,2.7038230785757857,2.2186999999999992,93.44999999999999,1.0,1.0,0.799
<rdkit.Chem.rdchem.Mol object at 0x7f8da28a1070>,Cc1noc(C)c1C(C)NC(=O)C1(c2ccc(F)cc2F)CCCC1,0.8981504798951268,3.11839778535687,4.258840000000004,55.13,1.0,1.0,0.799
<rdkit.Chem.rdchem.Mol object at 0x7f8da28a10e0>,COC(=O)C1(N(C)C(=O)C2CC(=O)N(C3CCOCC3)C2)CCC1,0.7005743730553515,3.342386923860426,0.5680000000000003,76.15,1.0,1.0,0.799
<rdkit.Chem.rdchem.Mol object at 0x7f8da28a1150>,CCN1CCN(C(=O)CCCc2ccc(Br)cc2)CC1,0.8235389692499575,1.8082817872942716,2.935900000000001,23.55,1.0,1.0,0.799
<rdkit.Chem.rdchem.Mol object at 0x7f8da28a11c0>,COC1CCC2C1OCCN2C(=O)CCc1ccc(F)cc1,0.8555082541044378,3.3421514770474534,2.1631,38.77,1.0,1.0,0.799
<rdkit.Chem.rdchem.Mol object at 0x7f8da28a1230>,CC(C)NC(=O)c1cccc(NC(=O)C(C)OCC2CC2)c1,0.8133346799131713,2.399834120413809,2.578400000000001,67.43,1.0,1.0,0.799
<rdkit.Chem.rdchem.Mol object at 0x7f8da28a12a0>,Cc1cnc(C(=O)N2CCN(c3cccc(Br)c3)CC2)cn1,0.8249396246906516,2.0980925879559873,2.509920000000001,49.330000000000005,1.0,1.0,0.799
<rdkit.Chem.rdchem.Mol object at 0x7f8da28a1310>,CCN(Cc1cnc2ccccn12)C(=O)C1CCCO1,0.853968107417684,3.003735577186128,1.8618,46.84,1.0,1.0,0.799
<rdkit.Chem.rdchem.Mol object at 0x7f8da28a1380>,CCn1cc(-c2ccncc2)cc1C(=O)NCc1cccc(Cl)c1,0.7585493706434551,2.1623946768997175,4.153400000000003,46.92,1.0,1.0,0.799
<rdkit.Chem.rdchem.Mol object at 0x7f8da28a13f0>,CCc1noc(CC)c1CNC(=O)c1cc(C2CC2)on1,0.8835907469923113,2.857558092400877,2.594800000000001,81.16000000000001,1.0,1.0,0.799
<rdkit.Chem.rdchem.Mol object at 0x7f8da28a1460>,CCOc1nc(N2CCC(C)CC2)ccc1N,0.8730565277646957,2.194038697225171,2.2988,51.379999999999995,1.0,1.0,0.799
<rdkit.Chem.rdchem.Mol object at 0x7f8da28a14d0>,Cc1ccc(NC(=O)NCCO)cc1OCC(F)F,0.7398465899632418,2.161928825181322,1.7527199999999998,70.59,1.0,1.0,0.799
<rdkit.Chem.rdchem.Mol object at 0x7f8da28a1540>,CCC(C)N(CC(=O)Nc1cc(F)ccc1OC)C(=O)C(C)C,0.8384265228536388,2.5695114441454,3.055900000000001,58.64000000000001,1.0,1.0,0.799
<rdkit.Chem.rdchem.Mol object at 0x7f8da28a15b0>,CCC1=C(C(=O)OC)C(c2cc(OC)c(OC)c(OC)c2)NC(=O)N1,0.7611272352481018,2.800746388543965,1.9033999999999998,95.12,1.0,1.0,0.799
<rdkit.Chem.rdchem.Mol object at 0x7f8da28a1620>,CC(OCC1CC1)C(=O)NCc1cccc(-c2nc[nH]n2)c1,0.8182312724841079,3.1725143401940272,1.903,79.89999999999999,1.0,1.0,0.799
<rdkit.Chem.rdchem.Mol object at 0x7f8da28a1690>,CCCn1ccc2sc(C)c(C(=O)OCC)c2c1=O,0.8084044185547926,2.508647168376589,2.958120000000001,48.3,1.0,1.0,0.799
<rdkit.Chem.rdchem.Mol object at 0x7f8da28a1700>,Cc1cc(C)c(NC(=O)CC(C)n2cccn2)c(C)c1,0.9260691838612336,2.7447013837933127,3.3981600000000025,46.92,1.0,1.0,0.799
<rdkit.Chem.rdchem.Mol object at 0x7f8da28a1770>,COC(=O)C(CO)NS(=O)(=O)N1CCCCCC1,0.6447738694492089,2.669358685294318,-0.7692999999999992,95.93999999999998,1.0,1.0,0.799
<rdkit.Chem.rdchem.Mol object at 0x7f8da28a17e0>,CC(=O)Nc1nc(C(=O)OC(c2ccccc2)c2ccncc2)cs1,0.7107127838051407,2.6732119994036943,3.4429000000000025,81.18,1.0,1.0,0.799
<rdkit.Chem.rdchem.Mol object at 0x7f8da28a1850>,CC1CCCCC1OCCNC(=O)CSc1nncs1,0.6178929588266476,3.240800662669061,2.3417000000000003,64.11,1.0,1.0,0.799
<rdkit.Chem.rdchem.Mol object at 0x7f8da28a18c0>,CCc1nn2c(CNC(=O)CC(C)(C)C)c(C)nc2s1,0.9428991675979088,2.725536308211952,2.7140200000000005,59.29,1.0,1.0,0.799
<rdkit.Chem.rdchem.Mol object at 0x7f8da28a1930>,Cc1cccc(-n2nnc(C(=O)Nc3ccccc3C)c2C)c1,0.8060239321442546,1.9061828498969096,3.444860000000002,59.81,1.0,1.0,0.799
<rdkit.Chem.rdchem.Mol object at 0x7f8da28a19a0>,CNS(=O)(=O)c1cc(C(=O)NCCc2ccc(O)cc2)n(C)c1,0.7188685408337575,2.192511201545262,0.6112999999999993,100.43,1.0,1.0,0.799
<rdkit.Chem.rdchem.Mol object at 0x7f8da28a1a10>,Cc1cccc(OCC(=O)Oc2cccc(N3CCCC3=O)c2)c1,0.6259810286219796,1.9975491919498847,3.1062200000000013,55.84,1.0,1.0,0.799
<rdkit.Chem.rdchem.Mol object at 0x7f8da28a1a80>,CC(NC(=O)NCc1ncn(C)n1)c1ccc(Cl)c(Cl)c1,0.90633024653693,2.9226222881685047,2.6823000000000006,71.84,1.0,1.0,0.799
<rdkit.Chem.rdchem.Mol object at 0x7f8da28a1af0>,COCCN(CC(N)=O)S(=O)(=O)c1c(Cl)cccc1Cl,0.8046312781176528,2.3002104252898423,1.1158,89.69999999999999,1.0,1.0,0.799
<rdkit.Chem.rdchem.Mol object at 0x7f8da28a1b60>,CCOCCOC(C)C(=O)N1CCC(c2ccccc2F)C1,0.7267662122229868,2.9281517942427655,2.5832000000000006,38.77,1.0,1.0,0.799
<rdkit.Chem.rdchem.Mol object at 0x7f8da28a1bd0>,Cn1c(N2CCCC2C(C)(C)O)c(C#N)c(=O)n(C)c1=O,0.8074963345506884,3.4236406773655146,-0.30461999999999945,91.25999999999999,1.0,1.0,0.799
<rdkit.Chem.rdchem.Mol object at 0x7f8da28a1c40>,CCn1cc(S(=O)(=O)NCc2ccccc2Cl)cn1,0.918633379039971,2.104572891274879,2.0348999999999995,63.99,1.0,1.0,0.799
<rdkit.Chem.rdchem.Mol object at 0x7f8da28a1cb0>,CCC(CC(=O)Nc1cn[nH]c1)c1cccc(Cl)c1,0.8774178645643306,2.7870956041874653,3.5855000000000015,57.78,1.0,1.0,0.799
<rdkit.Chem.rdchem.Mol object at 0x7f8da28a1d20>,CCNC(=O)Cc1ccc(NC(=O)NC(C)c2ccc(C)s2)cc1,0.7482363532483234,2.5113788140597784,3.6178200000000027,70.23,1.0,1.0,0.799
<rdkit.Chem.rdchem.Mol object at 0x7f8da28a1d90>,COC1CCCCC(=O)N1CCN1CCCc2ccccc21,0.8571885112046855,2.849707918490731,2.814300000000001,32.78,1.0,1.0,0.799
<rdkit.Chem.rdchem.Mol object at 0x7f8da28a1e00>,C=CCN(CC=C)C(=O)C(C)n1nnc2ccccc2c1=O,0.7588810570352647,3.0074513965802634,1.5530999999999997,68.09,1.0,1.0,0.799
<rdkit.Chem.rdchem.Mol object at 0x7f8da28a1e70>,COc1ccc(-n2nc(CO)c(C(=O)NC(C)C)n2)cc1,0.8539397317129008,2.319315768973283,0.9063999999999998,89.27,1.0,1.0,0.799
<rdkit.Chem.rdchem.Mol object at 0x7f8da28a1ee0>,Cc1cc(NC(=O)c2ccc(OC(F)F)cc2)[nH]n1,0.8942158100157876,2.4262660697944742,2.5718199999999998,67.00999999999999,1.0,1.0,0.799
<rdkit.Chem.rdchem.Mol object at 0x7f8da28a1f50>,CCOC(=O)c1c[nH]c2ccc(Br)cc12,0.8501249083371515,1.9416441078149056,3.107100000000001,42.09,1.0,1.0,0.799
<rdkit.Chem.rdchem.Mol object at 0x7f8da28a1fc0>,Cc1nc2sccc2c(=O)n1NC(=O)CCC1CCCO1,0.9344628279748581,3.0935397682746046,1.7957199999999998,73.22,1.0,1.0,0.799
<rdkit.Chem.rdchem.Mol object at 0x7f8da28a2030>,Cc1ccc(CCC(=O)N2CCCS2(=O)=O)c(C)c1,0.8486147617130659,2.6897042689683044,1.79814,54.45,1.0,1.0,0.799
<rdkit.Chem.rdchem.Mol object at 0x7f8da28a20a0>,CC(C)Cc1noc(Cn2nc(C(F)F)c3cn(C)nc3c2=O)n1,0.7029854992145229,3.113596440353655,1.6973999999999998,91.63000000000001,1.0,1.0,0.799
<rdkit.Chem.rdchem.Mol object at 0x7f8da28a2110>,Cc1ccc(C(C)N(C)C(=O)c2ccc(-n3ccnc3)nc2)cc1,0.7400269880766518,2.6763580468550785,3.408920000000002,51.02,1.0,1.0,0.799
<rdkit.Chem.rdchem.Mol object at 0x7f8da28a2180>,C=CCn1c(CNC(=O)CCC)nc2ccccc21,0.808610791683884,2.0756643281399008,2.638600000000001,46.92,1.0,1.0,0.799
<rdkit.Chem.rdchem.Mol object at 0x7f8da28a21f0>,CC(=O)c1sc(CCOc2ccccc2)nc1C1CC1,0.7576285640376711,2.269348993772006,3.8446000000000025,39.19,1.0,1.0,0.799
<rdkit.Chem.rdchem.Mol object at 0x7f8da28a2260>,CC1(C)CCCN1C(=O)NC1CCCN(C(=O)c2ccccc2)C1,0.906912622789867,2.689847865859603,2.8752000000000013,52.650000000000006,1.0,1.0,0.799
<rdkit.Chem.rdchem.Mol object at 0x7f8da28a22d0>,Cc1n[nH]c(C)c1C1CCCN1C(=O)NCC(=O)N1CCCCC1,0.8860688807544012,3.006024788936527,1.8855399999999995,81.33,1.0,1.0,0.799
<rdkit.Chem.rdchem.Mol object at 0x7f8da28a2340>,Cc1cc(NC(=O)CNc2c(C)c(C)nn2C)no1,0.8701776184522697,2.522173795595524,1.3839599999999999,84.98,1.0,1.0,0.799
<rdkit.Chem.rdchem.Mol object at 0x7f8da28a23b0>,Cn1cccc1C(=O)N1CCc2ncnc(-c3ccoc3)c2CC1,0.726155539136358,2.788589507286723,2.3161000000000005,64.16,1.0,1.0,0.799
<rdkit.Chem.rdchem.Mol object at 0x7f8da28a2420>,CCc1cc(-c2nn3c(C#N)nnc3s2)ccc1OC,0.7376450446778438,2.7220720706950807,2.2954800000000004,76.10000000000001,1.0,1.0,0.799
<rdkit.Chem.rdchem.Mol object at 0x7f8da28a2490>,Cn1nc(C(=O)N2CCC(n3cc(CO)nn3)CC2)c2ccccc21,0.7720669908044409,2.5256473900227956,1.1343999999999992,89.07000000000001,1.0,1.0,0.799
<rdkit.Chem.rdchem.Mol object at 0x7f8da28a2500>,Cc1cnc(C(=O)Nc2nc3ccccc3nc2C)cn1,0.7780354281337016,2.2315428512014,2.28894,80.66000000000001,1.0,1.0,0.799
<rdkit.Chem.rdchem.Mol object at 0x7f8da28a2570>,CC(C)NC(=O)Nc1cccc(N2CCNC2=O)c1,0.7760275011500481,2.0979397998380147,1.7461,73.47,1.0,1.0,0.799
<rdkit.Chem.rdchem.Mol object at 0x7f8da28a25e0>,Cn1cnc(-c2cccc(NC(=O)C3CCC(=O)N3)c2)n1,0.8684357739615536,2.87759515288999,0.6991999999999995,88.91,1.0,1.0,0.799
<rdkit.Chem.rdchem.Mol object at 0x7f8da28a2650>,COc1ccc2nc3n(c(=O)c2c1)C(C)(C)CNC3,0.8369579846262375,2.7678323978060853,1.2433999999999998,56.150000000000006,1.0,1.0,0.799
<rdkit.Chem.rdchem.Mol object at 0x7f8da28a26c0>,CC1COCCN1C(=O)c1ccc(S(=O)(=O)N(C)C(C)C)cc1,0.834471066370915,2.6549966900470388,1.5763999999999996,66.92,1.0,1.0,0.799
<rdkit.Chem.rdchem.Mol object at 0x7f8da28a2730>,CCC(=O)NCC(=O)NC1(c2ccc(F)cc2F)CCOCC1,0.863823012434416,2.5663073210507577,1.6128999999999998,67.43,1.0,1.0,0.799
<rdkit.Chem.rdchem.Mol object at 0x7f8da28a27a0>,CCCn1ncc(C(=O)Nc2ccc(OC)cn2)c1C,0.9076071552953979,2.1714245866002297,2.2574200000000006,69.04,1.0,1.0,0.799
<rdkit.Chem.rdchem.Mol object at 0x7f8da28a2810>,CC(C)CCC(=O)Nc1ccc2c(c1)OCC(C)(C)C(=O)N2C,0.9248609426669542,2.3513648350085727,3.442700000000002,58.64,1.0,1.0,0.799
<rdkit.Chem.rdchem.Mol object at 0x7f8da28a2880>,CC(NC(=O)NCCCN1CCc2ccccc21)c1ccncc1,0.8034335604210402,2.577607743041245,2.8946000000000014,57.260000000000005,1.0,1.0,0.799
<rdkit.Chem.rdchem.Mol object at 0x7f8da28a28f0>,CC(O)c1cn(C2CCN(S(=O)(=O)CC3CC3)CC2)nn1,0.8644086267360979,3.232052792147284,0.7081000000000002,88.32000000000001,1.0,1.0,0.799
<rdkit.Chem.rdchem.Mol object at 0x7f8da28a2960>,CC(C)c1csc(NC(=O)CNC(=O)c2ccc(F)cc2F)n1,0.8797767061078953,2.1423749378089987,2.9132000000000007,71.09,1.0,1.0,0.799
<rdkit.Chem.rdchem.Mol object at 0x7f8da28a29d0>,CCCCc1cc(NC(=O)COc2ccc(C)nc2)[nH]n1,0.8199058027208742,2.561325928124477,2.4732200000000004,79.89999999999999,1.0,1.0,0.799
<rdkit.Chem.rdchem.Mol object at 0x7f8da28a2a40>,Cc1ccccc1C(C#N)N(C)C(=O)OC(C)(C)C,0.818224076418662,2.9509744759823384,3.4266000000000023,53.33,1.0,1.0,0.799
<rdkit.Chem.rdchem.Mol object at 0x7f8da28a2ab0>,CCN(C)c1ccc(C(=O)NCCCn2nc3n(c2=O)CCCC3)cc1,0.7651523244863317,2.418452774286946,1.6572999999999989,72.16,1.0,1.0,0.799
<rdkit.Chem.rdchem.Mol object at 0x7f8da28a2b20>,Cc1ccc(-c2n[nH]c(NS(=O)(=O)c3ccc(F)cc3)c2C)o1,0.7660403705013188,2.5549491479738347,3.226440000000001,87.99,1.0,1.0,0.799
<rdkit.Chem.rdchem.Mol object at 0x7f8da28a2b90>,CCCOC(=O)C(C)N1CC(C)Oc2ccc(N)cc21,0.6753794301231975,3.2693074627655143,2.1978,64.78999999999999,1.0,1.0,0.799
<rdkit.Chem.rdchem.Mol object at 0x7f8da28a2c00>,CC1CCN(c2cc(NC(=O)CCn3cc(CO)nn3)ncn2)CC1,0.7976784722392571,2.569482005407412,0.8254999999999998,109.06,1.0,1.0,0.799
<rdkit.Chem.rdchem.Mol object at 0x7f8da28a2c70>,Cc1ccc(-n2ncc3c(NCc4ccc(F)cc4)ncnc32)cc1,0.615750830691517,2.0487741023515635,3.8751200000000017,55.63,1.0,1.0,0.799
<rdkit.Chem.rdchem.Mol object at 0x7f8da28a2ce0>,CCC1CN(C(=O)Cn2c(C)csc2=O)CC(C)O1,0.8390198399209462,3.387587840591979,1.2441200000000001,51.540000000000006,1.0,1.0,0.799
<rdkit.Chem.rdchem.Mol object at 0x7f8da28a2d50>,Cc1ccc(NC(=O)C2CCCN2C(=O)c2ccco2)nc1,0.9426453174758294,2.5647890654687533,2.2263200000000003,75.44,1.0,1.0,0.799
<rdkit.Chem.rdchem.Mol object at 0x7f8da28a2dc0>,COc1ccc(OC)c(CC(=O)Nc2ccc(-c3nc(C)n[nH]3)cc2)c1,0.7118254957068264,2.251034063268234,2.9785200000000005,89.13,1.0,1.0,0.799
<rdkit.Chem.rdchem.Mol object at 0x7f8da28a2e30>,COC(=O)c1ccc(C2CC(=O)Nc3c2ccc(F)c3F)cc1,0.8653301315289841,2.7622459688931915,3.225500000000001,55.400000000000006,1.0,1.0,0.799
<rdkit.Chem.rdchem.Mol object at 0x7f8da28a2ea0>,Cc1cccc(C(=O)NCC2CCc3ccccc3O2)n1,0.9407840268160493,2.5674011680223963,2.5136200000000004,51.22,1.0,1.0,0.799
<rdkit.Chem.rdchem.Mol object at 0x7f8da28a2f10>,Cc1cc(NC(=O)CNc2ccc(F)c(NC(=O)C3CC3)c2)no1,0.7552103332524602,2.1443687396961035,2.5212200000000005,96.26,1.0,1.0,0.799
<rdkit.Chem.rdchem.Mol object at 0x7f8da28a2f80>,CCc1cc(CN(C)C(=O)Cc2ccn(C(C)C)n2)on1,0.8179616222275006,2.688490039530315,2.2154999999999996,64.16,1.0,1.0,0.799
<rdkit.Chem.rdchem.Mol object at 0x7f8da28a2ff0>,CCCC1CCC(NC(=O)NCc2c(C)n[nH]c2C)CC1,0.7797721871935802,2.385387818606876,3.1846400000000017,69.81,1.0,1.0,0.799
<rdkit.Chem.rdchem.Mol object at 0x7f8da28a3060>,Cc1ccccc1C(C)NC(=O)c1ccc2c(c1)NC(=O)CS2,0.90698790244051,2.6121162166742575,3.530220000000001,58.2,1.0,1.0,0.799
<rdkit.Chem.rdchem.Mol object at 0x7f8da28a30d0>,COc1cc(NC(=O)Nc2cccc(C)c2)c2ncccc2c1,0.7621122716666889,1.9219271855612465,4.195820000000002,63.25,1.0,1.0,0.799
<rdkit.Chem.rdchem.Mol object at 0x7f8da28a3140>,CN(CCC#N)C(=O)CN1CCN(c2ccc(F)cc2)C1=O,0.8263816736802165,2.3560867871993683,1.4397799999999998,67.65,1.0,1.0,0.799
<rdkit.Chem.rdchem.Mol object at 0x7f8da28a31b0>,CN(c1ccc(F)c(F)c1)S(=O)(=O)c1ccsc1,0.8710223928902238,2.3869403867454473,2.851400000000001,37.38,1.0,1.0,0.799
<rdkit.Chem.rdchem.Mol object at 0x7f8da28a3220>,CCOC(=O)c1sc2ncnc(NC(C)(C)C(=O)OC)c2c1C,0.8383888926288912,2.593022651385745,2.5399200000000004,90.41000000000001,1.0,1.0,0.799
<rdkit.Chem.rdchem.Mol object at 0x7f8da28a3290>,CC(C)c1csc(NC(=O)C2CCN(C(=O)c3ccoc3)CC2)n1,0.9201186225866471,2.3835945686959015,3.3504000000000023,75.44,1.0,1.0,0.799
<rdkit.Chem.rdchem.Mol object at 0x7f8da28a3300>,CNC(=O)c1ccc(Cl)c(NC(=O)c2c(C)cc(C)[nH]c2=O)c1,0.8042186119019293,2.147169797787729,2.25704,91.06,1.0,1.0,0.799
<rdkit.Chem.rdchem.Mol object at 0x7f8da28a3370>,CNC(=O)C1CSc2nnc(-c3ccccc3)n2N1,0.8442944517849367,3.1965883780802393,0.7088999999999998,71.84,1.0,1.0,0.799
<rdkit.Chem.rdchem.Mol object at 0x7f8da28a33e0>,COc1cccc(OC)c1C(=O)NCCNC(=O)C1CC1,0.733925778500963,1.8548131164533892,0.9597999999999997,76.66,1.0,1.0,0.799
<rdkit.Chem.rdchem.Mol object at 0x7f8da28a3450>,COc1ccc(Cl)cc1C(=O)Nc1ccc(NC(C)=O)cc1,0.9053981162178019,1.5826973798853707,3.5593000000000012,67.43,1.0,1.0,0.799
<rdkit.Chem.rdchem.Mol object at 0x7f8da28a34c0>,COC(=O)c1cc(-c2cccs2)nc2onc(C)c12,0.6718713294488913,2.322692533268107,3.0463200000000015,65.22,1.0,1.0,0.799
<rdkit.Chem.rdchem.Mol object at 0x7f8da28a3530>,Cn1cc(C(=O)Nc2nccs2)c(C(C)(C)C)n1,0.9058629007587007,2.4920100884722896,2.4264,59.81,1.0,1.0,0.799
<rdkit.Chem.rdchem.Mol object at 0x7f8da28a35a0>,CC(C)CC(=O)N1CCCC(C(=O)NC(C)(C)C)C1,0.8526772700797953,2.570520937520799,2.1857999999999995,49.410000000000004,1.0,1.0,0.799
<rdkit.Chem.rdchem.Mol object at 0x7f8da28a3610>,CCN(Cc1ccc(OC)c(F)c1)C(=O)NCCCOC,0.7498297842595731,2.0306807557106854,2.4023000000000003,50.8,1.0,1.0,0.799
<rdkit.Chem.rdchem.Mol object at 0x7f8da28a3680>,CC(C)CN1C(=O)C(Cc2ccccc2)Oc2ccc(N)cc21,0.8819132561572673,2.6990530214079858,3.2615000000000007,55.56,1.0,1.0,0.799
<rdkit.Chem.rdchem.Mol object at 0x7f8da28a36f0>,COc1ccc(NC(=O)CCCc2nc(C(C)C)no2)cn1,0.8450987678893849,2.284086384482043,2.5580000000000007,90.14,1.0,1.0,0.799
<rdkit.Chem.rdchem.Mol object at 0x7f8da28a3760>,CC(C)NC(=O)c1cc(-c2ccc(F)cc2)n2ccccc12,0.7814648774478575,2.160502761653259,3.883600000000002,33.510000000000005,1.0,1.0,0.799
<rdkit.Chem.rdchem.Mol object at 0x7f8da28a37d0>,C=CCN(CC=C)C(=O)C1C(C)CC(=O)N1CCCCC,0.48399319350849745,3.676304628991378,2.6142000000000003,40.620000000000005,1.0,1.0,0.799
<rdkit.Chem.rdchem.Mol object at 0x7f8da28a3840>,COCc1ccccc1CNC(=O)c1ccc(Cl)c(C)c1,0.9138670086128003,1.7680699568076594,3.724820000000002,38.33,1.0,1.0,0.799
<rdkit.Chem.rdchem.Mol object at 0x7f8da28a38b0>,Cc1ccc(-c2ccc(=O)n(CCNC(=O)c3ccccc3F)n2)cc1,0.7687430049089737,1.943325747259916,2.787820000000001,63.99,1.0,1.0,0.799
<rdkit.Chem.rdchem.Mol object at 0x7f8da28a3920>,COCc1ccc(C(=O)N2CC(=O)Nc3ccccc32)cc1,0.9460735726781601,1.9851321483955484,2.4319000000000006,58.64,1.0,1.0,0.799
<rdkit.Chem.rdchem.Mol object at 0x7f8da28a3990>,CCCCN(CC(N)=O)C(=O)C1CCCc2ccccc21,0.8720642698933764,2.679620224597942,2.2204999999999995,63.4,1.0,1.0,0.799
<rdkit.Chem.rdchem.Mol object at 0x7f8da28a3a00>,CCn1cc(C(=O)NC(c2ncc[nH]2)C(C)C)cn1,0.8606325727725479,3.0845929433263137,1.7531999999999999,75.6,1.0,1.0,0.799
<rdkit.Chem.rdchem.Mol object at 0x7f8da28a3a70>,CN(C)C(=O)c1ccc2nnc(-c3ccccc3)n2c1,0.713405015627961,2.072949803488603,2.0980999999999996,50.5,1.0,1.0,0.799
<rdkit.Chem.rdchem.Mol object at 0x7f8da28a3ae0>,Cn1ncnc1CNC(=O)C1CCC(=O)N(C2CCCCCC2)C1,0.8446021165456344,2.9156549384545283,1.3926999999999992,80.11999999999999,1.0,1.0,0.799
<rdkit.Chem.rdchem.Mol object at 0x7f8da28a3b50>,Cc1cnn(CCCNc2ccc3nnc(-c4ccccc4)n3n2)c1,0.5493486900546158,2.4149185958440036,2.798420000000001,72.93,1.0,1.0,0.799
<rdkit.Chem.rdchem.Mol object at 0x7f8da28a3bc0>,COc1ccc(CC(=O)NCc2nc(-c3ccco3)no2)cc1,0.7499795425758419,2.0877856971988624,2.1971,90.39,1.0,1.0,0.799
<rdkit.Chem.rdchem.Mol object at 0x7f8da28a3c30>,C#CCn1c(Cc2ccc3c(c2)OCO3)nc2ccccc21,0.6957617413411297,2.301335428192674,2.9890000000000017,36.28,1.0,1.0,0.799
<rdkit.Chem.rdchem.Mol object at 0x7f8da28a3ca0>,CCCC1CN(C(=O)CCCc2nnc(-c3ccsc3)o2)CCO1,0.7679470137717008,3.040114776008278,3.1483000000000017,68.46000000000001,1.0,1.0,0.799
<rdkit.Chem.rdchem.Mol object at 0x7f8da28a3d10>,Cc1cnc(N(C)CC(C)C#N)nc1-c1cccnc1,0.8508601269357685,3.0963743608162906,2.4429,65.7,1.0,1.0,0.799
<rdkit.Chem.rdchem.Mol object at 0x7f8da28a3d80>,CC(C)(C)C(NC(=O)c1ccc(-n2ccnn2)cc1)C(N)=O,0.8751579273096987,2.8221533511830383,0.8971,102.9,1.0,1.0,0.799
<rdkit.Chem.rdchem.Mol object at 0x7f8da28a3df0>,CC(NC(=O)Cn1nnc(-c2ccsc2)n1)c1ccccc1,0.7840963108722098,2.6339718607984235,2.279,72.7,1.0,1.0,0.799
<rdkit.Chem.rdchem.Mol object at 0x7f8da28a3e60>,C=CCCCN(C)C(=O)c1csc(-c2cnn(C)c2)n1,0.6067085340216332,2.6525932679189097,2.5818000000000003,51.02,1.0,1.0,0.799
<rdkit.Chem.rdchem.Mol object at 0x7f8da28a3ed0>,Cc1ccc(OC(C)C(=O)NCC(C)(C)c2ccncc2)cc1,0.8905558581734825,2.5468885169701156,3.2513200000000015,51.22,1.0,1.0,0.799
<rdkit.Chem.rdchem.Mol object at 0x7f8da28a3f40>,C=CCNC(=O)c1ccccc1NC(=O)c1ccccc1C,0.8321826590238696,1.760226086715294,3.163120000000001,58.2,1.0,1.0,0.799
<rdkit.Chem.rdchem.Mol object at 0x7f8da28a4040>,CCC(=O)N1CCCN(c2cc(N3CCCCC3)ncn2)CC1,0.8523020467595402,2.219658946337784,1.9156,52.57000000000001,1.0,1.0,0.799
<rdkit.Chem.rdchem.Mol object at 0x7f8da28a40b0>,Cc1ncsc1CCOC(=O)c1ccc(N2CCCC2=O)cc1,0.7909196998209032,2.2637866261206874,2.9778200000000012,59.5,1.0,1.0,0.799
<rdkit.Chem.rdchem.Mol object at 0x7f8da28a4120>,Cc1cncc(C(=O)NC(c2cccs2)C2CCCC2)c1,0.9228369763049797,2.761056653520507,4.112820000000003,41.99,1.0,1.0,0.799
<rdkit.Chem.rdchem.Mol object at 0x7f8da28a4190>,C=CCNC(=O)COc1cc(Br)ccc1F,0.844051024592121,2.090779594229451,2.2692000000000005,38.33,1.0,1.0,0.799
<rdkit.Chem.rdchem.Mol object at 0x7f8da28a4200>,Cn1cc(C(=O)N2CCc3ccccc32)c2ccccc21,0.6686079073744177,1.9640849823489415,3.3812000000000024,25.240000000000002,1.0,1.0,0.799
<rdkit.Chem.rdchem.Mol object at 0x7f8da28a4270>,C=CCNC(=O)c1ccccc1NC(=O)c1cn(-c2ccccc2)nn1,0.6704072310964381,2.127633797155969,2.4354000000000005,88.91000000000001,1.0,1.0,0.799
<rdkit.Chem.rdchem.Mol object at 0x7f8da28a42e0>,CN(CC(=O)N1CCCC1)C(=O)c1cc2ccccc2[nH]c1=O,0.9258052786148625,2.1028088853998685,1.2224999999999997,73.48,1.0,1.0,0.799
<rdkit.Chem.rdchem.Mol object at 0x7f8da28a4350>,Cc1cccc(CC(=O)Nc2ccc(-c3nc(C)c(C)o3)cc2)c1,0.7725148267438134,1.9155803153022344,4.4480600000000035,55.13,1.0,1.0,0.799
<rdkit.Chem.rdchem.Mol object at 0x7f8da28a43c0>,CC(C)c1nc(CNC(=O)Nc2ccc(Cl)cc2)cs1,0.8871399755560185,2.0130938173694606,4.241600000000003,54.02,1.0,1.0,0.799
<rdkit.Chem.rdchem.Mol object at 0x7f8da28a4430>,COc1ccc(OC)c(CNc2ccc3c(c2)COC3)c1,0.9142480750702275,2.1053497994990042,3.3461000000000016,39.72,1.0,1.0,0.799
<rdkit.Chem.rdchem.Mol object at 0x7f8da28a44a0>,Cc1cc(OC(F)(F)F)c2c(C)c(C(=O)OCCO)oc2c1,0.8773814079496464,2.5916975423236543,3.0973400000000018,68.9,1.0,1.0,0.799
<rdkit.Chem.rdchem.Mol object at 0x7f8da28a4510>,CC(=O)NCCNC(=O)NC1CCCC(C(F)(F)F)C1,0.6885993465211518,3.068811891669945,1.5427999999999993,70.23,1.0,1.0,0.799
<rdkit.Chem.rdchem.Mol object at 0x7f8da28a4580>,COc1ccc(C#CCNC(=O)Cc2cccc(C)c2)cc1,0.8802928072145341,1.9860002802636814,2.7140200000000005,38.33,1.0,1.0,0.799
<rdkit.Chem.rdchem.Mol object at 0x7f8da28a45f0>,Cn1cnc(CNC(=O)N2CCCC2c2ccncc2)n1,0.9212246833026689,3.0934369813893596,1.2568,75.94,1.0,1.0,0.799
<rdkit.Chem.rdchem.Mol object at 0x7f8da28a4660>,CCCC(C)C(=O)Nc1ccc(S(=O)(=O)NC(C)C)cc1,0.8126226633040765,2.3672400979449346,2.748000000000001,75.27,1.0,1.0,0.799
<rdkit.Chem.rdchem.Mol object at 0x7f8da28a46d0>,C=CCNC(=O)c1ccccc1NC(=O)c1ccc(NC(C)=O)cc1,0.7084192460311076,1.8187565109019168,2.8131000000000004,87.30000000000001,1.0,1.0,0.799
<rdkit.Chem.rdchem.Mol object at 0x7f8da28a4740>,COc1ccc(S(=O)(=O)N(C)C)cc1-c1noc(C)n1,0.8453457347756248,2.188195282570925,1.30392,85.53000000000002,1.0,1.0,0.799
<rdkit.Chem.rdchem.Mol object at 0x7f8da28a47b0>,Cc1ccc(S(=O)(=O)NCc2ccc(CN3CCCC3=O)cc2)cc1,0.8630671258811797,1.9113699794052454,2.5959200000000013,66.48,1.0,1.0,0.799
<rdkit.Chem.rdchem.Mol object at 0x7f8da28a4820>,CCOC(=O)c1nc(C)sc1-c1ccc(NC(C)=O)cc1,0.8803563907025795,2.0447656363472895,3.2536200000000015,68.28999999999999,1.0,1.0,0.799
<rdkit.Chem.rdchem.Mol object at 0x7f8da28a4890>,CC(C)c1nc(CNC(C)c2cccc(-n3cncn3)c2)cs1,0.7498782983645259,2.9260834033337524,3.698000000000002,55.63,1.0,1.0,0.799
<rdkit.Chem.rdchem.Mol object at 0x7f8da28a4900>,Cn1c2ccccc2n2c(SCC(=O)N(C3CC3)C(C)(C)C)nnc12,0.6734358535705375,2.7296927077485496,3.1026000000000016,55.43,1.0,1.0,0.799
<rdkit.Chem.rdchem.Mol object at 0x7f8da28a4970>,CCCc1nc(CN2CCN(C(=O)N(CC)CC)CC2)cs1,0.8075141073287072,2.3398975507351434,2.6750000000000007,39.68000000000001,1.0,1.0,0.799
<rdkit.Chem.rdchem.Mol object at 0x7f8da28a49e0>,Cc1n[nH]c(C)c1C1CCCN1C(=O)NCC(C1CCOC1)N1CC1,0.7936463654874151,3.8486684289362705,1.59374,73.26,1.0,1.0,0.799
<rdkit.Chem.rdchem.Mol object at 0x7f8da28a4a50>,COC(=O)Cn1nnc(S(=O)(=O)CC(C)C)c1N,0.7176332972802738,2.8553460315565626,-0.5369999999999993,117.17,1.0,1.0,0.799
<rdkit.Chem.rdchem.Mol object at 0x7f8da28a4ac0>,Cn1c(=O)c2c(NCCC(C)(C)C)ccnc2n(C)c1=O,0.9293828285379225,2.4856029610915105,1.4802999999999997,68.92,1.0,1.0,0.799
<rdkit.Chem.rdchem.Mol object at 0x7f8da28a4b30>,Cc1nnc(NC(=O)CCc2cccc(Cl)c2Cl)s1,0.9349806322163651,2.1041078695041993,3.7246200000000016,54.88,1.0,1.0,0.799
<rdkit.Chem.rdchem.Mol object at 0x7f8da28a4ba0>,Cc1cc(C(=O)NCc2ccccn2)nn1Cc1ccccc1,0.7878716916916493,1.943262849896911,2.564820000000001,59.81,1.0,1.0,0.799
<rdkit.Chem.rdchem.Mol object at 0x7f8da28a4c10>,Cc1c(N)ccc2nnc(-c3cccc(Br)c3)n12,0.7514661962114114,2.465038955403678,3.0494200000000005,56.209999999999994,1.0,1.0,0.799
<rdkit.Chem.rdchem.Mol object at 0x7f8da28a4c80>,CCn1c(=O)oc2ccc(C(=O)Nc3cc(C)on3)cc21,0.7967985132431902,2.2827760845781935,2.16312,90.27,1.0,1.0,0.799
<rdkit.Chem.rdchem.Mol object at 0x7f8da28a4cf0>,Cc1ccc(S(=O)(=O)N2CCC(C(N)=O)c3ccccc32)cc1,0.9362492181597958,2.6074589496624228,2.1629199999999997,80.47,1.0,1.0,0.799
<rdkit.Chem.rdchem.Mol object at 0x7f8da28a4d60>,CC(=O)Oc1ccc(-c2noc(CCn3ccccc3=O)n2)cc1,0.5269883329250366,2.227628121715771,2.0663,87.22,1.0,1.0,0.799
<rdkit.Chem.rdchem.Mol object at 0x7f8da28a4dd0>,CCc1nc(CC(=O)OCc2nc(C)c(C)o2)cs1,0.787567780163329,2.5471325429439666,2.5962400000000008,65.22,1.0,1.0,0.799
<rdkit.Chem.rdchem.Mol object at 0x7f8da28a4e40>,Cc1ccnc(NC(=O)Cn2sc3ccccc3c2=O)c1,0.8074594958615963,2.3875036204321685,2.40512,63.99,1.0,1.0,0.799
<rdkit.Chem.rdchem.Mol object at 0x7f8da28a4eb0>,CC(=O)c1ccc(C(=O)Nc2ccc(C#N)cn2)cc1,0.8636619761139693,1.855707553633195,2.4081800000000007,82.85000000000001,1.0,1.0,0.799
<rdkit.Chem.rdchem.Mol object at 0x7f8da28a4f20>,CC(=O)Nc1cccc(-n2nnnc2-c2ccc(N)nc2)c1,0.7521259019536614,2.261244236307636,1.2648999999999995,111.61,1.0,1.0,0.799
<rdkit.Chem.rdchem.Mol object at 0x7f8da28a4f90>,C=CCNC(=O)c1ccc(NC(=O)NCC(C)(C)c2ccncc2)cc1,0.6697055384184435,2.2727342312971714,3.096700000000001,83.12,1.0,1.0,0.799
<rdkit.Chem.rdchem.Mol object at 0x7f8da28a5000>,Cc1cc(C)c(NC(=O)COc2ccc(F)cc2Cl)c(C)n1,0.9307054601547556,2.06303104949445,3.816860000000003,51.22,1.0,1.0,0.799
<rdkit.Chem.rdchem.Mol object at 0x7f8da28a5070>,CNC(=O)c1cccc(NC(=O)c2cc(C)ccc2O)c1,0.8089757197156027,1.7191279705647968,2.31252,78.43,1.0,1.0,0.799
<rdkit.Chem.rdchem.Mol object at 0x7f8da28a50e0>,Cc1c(C(=O)N(C)C(C)c2ccncc2)cnn1-c1ccccn1,0.7410412565414112,2.790450354547385,2.8039200000000015,63.910000000000004,1.0,1.0,0.799
<rdkit.Chem.rdchem.Mol object at 0x7f8da28a5150>,CCCCS(=O)(=O)N1CCCC(C(=O)Nc2cc(C)nn2C)C1,0.8491112188539011,2.8232560307063785,1.5089199999999998,84.30000000000001,1.0,1.0,0.799
<rdkit.Chem.rdchem.Mol object at 0x7f8da28a51c0>,CCS(=O)(=O)c1ccc(NC(=O)c2occc2C)cc1,0.9397768371686807,2.057485305880947,2.6339200000000007,76.38,1.0,1.0,0.799
<rdkit.Chem.rdchem.Mol object at 0x7f8da28a5230>,Cc1ccc(CNC(=O)CCn2cnc3sc(C)c(C)c3c2=O)cc1,0.7648381512218716,2.123967280132687,3.089760000000002,63.99,1.0,1.0,0.799
<rdkit.Chem.rdchem.Mol object at 0x7f8da28a52a0>,CC1CCC2(CCN(C(=O)OCc3ccccc3)CC2)O1,0.8377303508229812,3.166125424313762,3.3567000000000027,38.77,1.0,1.0,0.799
<rdkit.Chem.rdchem.Mol object at 0x7f8da28a5310>,Cc1cc(OCC(=O)Nc2nonc2C)nc(N2CCOCC2)n1,0.8253440667043309,2.6312695932876764,0.3305399999999994,115.5,1.0,1.0,0.799
<rdkit.Chem.rdchem.Mol object at 0x7f8da28a5380>,CC1CCCN(C(=O)NC2CCN(C(=O)c3cnccn3)CC2)CC1,0.8880267853949507,2.697585076326771,1.9127999999999994,78.43,1.0,1.0,0.799
<rdkit.Chem.rdchem.Mol object at 0x7f8da28a53f0>,C#CC(OC(=O)c1ccc(N2CCOCC2)nc1)C1CC1,0.6197780040473716,3.05299361442845,1.4868,51.66,1.0,1.0,0.799
<rdkit.Chem.rdchem.Mol object at 0x7f8da28a5460>,CCOC(CC)C(=O)Oc1ccc(NC(C)=O)cc1,0.633192179695562,2.4426052688817457,2.3655,64.63,1.0,1.0,0.799
<rdkit.Chem.rdchem.Mol object at 0x7f8da28a54d0>,COc1cc(C(=O)C2CCCN2)cc(OC)c1OC,0.8203033264439271,2.6001316951405364,1.6471,56.790000000000006,1.0,1.0,0.799
<rdkit.Chem.rdchem.Mol object at 0x7f8da28a5540>,COc1cccc(F)c1-c1nc2sc(C(C)(C)O)nn2c1CO,0.7636837282082293,2.9956210916551527,2.325200000000001,79.88000000000001,1.0,1.0,0.799
